step,type,amount,nameOrig,oldbalanceOrg,newbalanceOrig,nameDest,oldbalanceDest,newbalanceDest,isFraud,isFlaggedFraud
67,PAYMENT,9124.97,C613651649,14903.11,5778.14,C402001927,2005.11,9137.17,0,0
576,TRANSFER,3512.41,C244435962,10428.69,6916.28,C216933387,151688.11,154723.2,0,0
487,CASH_OUT,1305.94,C910138860,657.06,0.0,C254855969,5946.44,7191.17,0,0
327,CASH_OUT,828.92,C811584516,7628.0,6799.08,C867415582,13047.38,13753.58,0,0
322,PAYMENT,7425.9,C468883219,23327.51,15901.61,C518061581,29091.72,34422.62,0,0
638,CASH_OUT,3504.99,C599013729,183142.08,179637.09,C422242910,5425.82,8013.05,0,0
64,PAYMENT,2358.8,C967537555,31314.41,28955.61,C476988408,521211.87,523129.06,0,0
519,CASH_OUT,131237.12,C123196830,72353.88,0.0,C973567812,904.45,105469.23,0,0
150,CASH_IN,6987.05,C231147785,2178.39,0.0,C542116806,1650.89,7002.3,0,0
70,PAYMENT,79704.18,C640285329,11045.37,0.0,C522059257,900.47,76781.93,0,0
392,CASH_IN,3103.07,C997922175,83376.32,80273.25,C935185059,81861.57,84058.74,0,0
725,CASH_IN,12589.23,C765911791,3527.69,0.0,C133554292,20821.77,32766.47,0,0
547,PAYMENT,7333.02,C656187508,56830.81,49497.79,C530491947,1845.54,9006.26,0,0
566,PAYMENT,381.56,C390701655,40133.91,39752.35,C773406193,1037.97,1377.19,0,0
534,PAYMENT,105980.35,C495444009,20172.7,0.0,C563163693,59444.77,153513.47,0,0
585,CASH_OUT,6353.26,C134535745,8159.56,1806.3,C881405849,9424.22,14155.53,0,0
382,CASH_IN,31056.17,C434014800,3042.87,0.0,C402641752,62239.95,89274.2,0,0
96,TRANSFER,2092.99,C661122055,191581.57,189488.58,C835982194,4410.45,6111.11,0,0
624,CASH_IN,6022.63,C915155407,34468.25,28445.62,C319576729,12342.0,16971.69,0,0
335,CASH_IN,1702.18,C930181347,22268.41,20566.23,C979725012,8437.23,9926.64,0,0
372,CASH_OUT,74966.55,C839072627,7192.01,0.0,C111633359,1598.15,54101.51,0,0
276,CASH_OUT,14193.46,C119348452,14140.63,0.0,C417831661,3791.59,14903.99,0,0
136,PAYMENT,15688.71,C830067209,17104.14,1415.43,C666549632,583.04,14652.87,0,0
689,PAYMENT,93407.92,C296756122,24338.47,0.0,C860364841,11960.83,90097.69,0,0
581,PAYMENT,64952.68,C654578625,40195.5,0.0,C326427318,19346.13,67650.93,0,0
479,CASH_IN,32132.28,C951749573,4131.07,0.0,C597565101,29210.69,51715.99,0,0
299,CASH_OUT,626.97,C899160924,1480.45,853.48,C290059227,16314.03,16803.78,0,0
612,CASH_OUT,2316.42,C697969787,15160.09,12843.67,C256201855,3901.91,5904.96,0,0
406,CASH_IN,1330.09,C369350534,971.82,0.0,C767219581,80301.79,81446.15,0,0
330,CASH_OUT,30018.25,C568795067,8221.5,0.0,C282435560,24493.31,46686.45,0,0
335,CASH_OUT,11016.77,C733335521,6224.29,0.0,C702585354,59837.23,69577.26,0,0
169,CASH_IN,663.2,C562790260,27934.63,27271.43,C411068372,66991.17,67654.16,0,0
69,CASH_OUT,5769.04,C462558391,261423.13,255654.09,C608529283,3920.29,8970.85,0,0
413,PAYMENT,550.37,C639998927,722.79,172.42,C886501285,9879.16,10351.54,0,0
660,CASH_IN,7363.7,C132205800,404852.28,397488.58,C877002556,19815.45,26345.51,0,0
48,CASH_OUT,411.71,C998337700,9418.09,9006.38,C110111818,621.13,1017.98,0,0
638,PAYMENT,20991.85,C191858657,22509.96,1518.11,C805818117,646.42,21298.2,0,0
615,PAYMENT,15999.82,C986072302,1599.99,0.0,C960079605,474.02,11870.85,0,0
206,PAYMENT,251276.02,C131838241,59593.83,0.0,C672524905,4045.74,195391.96,0,0
470,CASH_OUT,37278.5,C561357114,14217.21,0.0,C695982370,2697.36,30086.96,0,0
123,PAYMENT,3784.82,C475823903,12183.03,8398.21,C485942056,370.85,3897.19,0,0
564,CASH_OUT,35331.36,C616477106,730.64,0.0,C572648270,6430.74,31645.63,0,0
521,CASH_OUT,654.72,C987072141,14923.54,14268.82,C686670904,4137.66,4773.26,0,0
264,CASH_IN,1433.03,C720492157,47512.23,46079.2,C796216440,41275.83,42287.79,0,0
51,CASH_OUT,14759.71,C800747022,9372.94,0.0,C738640413,184123.56,197123.38,0,0
722,CASH_OUT,166.53,C225825268,77753.51,77586.98,C372808756,11176.97,11307.31,0,0
332,CASH_OUT,7578.8,C390375760,73082.39,65503.59,C649445033,1402.57,7777.62,0,0
664,PAYMENT,1291.46,C804661813,5106.95,3815.49,C780871217,15742.26,16817.49,0,0
504,CASH_OUT,9724.0,C906906105,146191.22,136467.22,C540982505,4997.76,13989.23,0,0
579,CASH_OUT,1164.53,C484716342,14298.97,13134.44,C743505077,3189.99,4178.67,0,0
565,CASH_IN,17389.93,C791517255,14394.74,0.0,C213995218,1042.23,15412.68,0,0
145,CASH_OUT,8389.95,C153603920,15498.09,7108.14,C447617827,2131.12,9842.18,0,0
271,CASH_OUT,100776.32,C768009763,14823.57,0.0,C731735909,3568.77,102102.02,0,0
347,CASH_OUT,8201.91,C189403199,258.48,0.0,C905598453,20897.26,28592.1,0,0
370,CASH_OUT,2031.32,C701130907,10114.65,8083.33,C681398713,12330.68,14201.56,0,0
33,PAYMENT,5195.8,C443933933,1726.9,0.0,C697307760,131404.69,135801.98,0,0
407,PAYMENT,720.81,C473737464,153200.62,152479.81,C408023583,16544.49,17243.72,0,0
115,CASH_OUT,16832.17,C348718081,144224.23,127392.06,C420690849,10548.41,24786.64,0,0
553,PAYMENT,23429.01,C462917188,47949.68,24520.67,C146852334,2832.13,25771.14,0,0
508,PAYMENT,690073.14,C886974974,9342.22,0.0,C322050145,759.43,650033.15,0,0
686,TRANSFER,2645.71,C828039238,2945.33,299.62,C650090706,1761.98,3733.24,0,0
554,PAYMENT,5003.88,C364402262,4982.21,0.0,C965723730,1394.5,4967.76,0,0
273,PAYMENT,2874.5,C558204606,246215.6,243341.1,C546213220,48.93,2699.96,0,0
719,PAYMENT,11870.42,C716348685,4730.11,0.0,C874181226,799.88,11551.53,0,0
306,PAYMENT,16107.54,C264109168,390.18,0.0,C800212110,87901.98,102086.71,0,0
243,CASH_OUT,7360.81,C953820954,62645.57,55284.76,C604944126,9542.21,16850.55,0,0
673,CASH_IN,57261.66,C860100390,126849.25,69587.59,C823882417,2495.53,51947.9,0,0
276,CASH_IN,2668.94,C387897031,160945.89,158276.95,C461487831,10069.47,12216.29,0,0
57,CASH_OUT,47815.89,C391146270,63419.2,15603.31,C498442966,146.04,41721.47,0,0
349,CASH_OUT,21360.45,C509364873,81006.08,59645.63,C763142737,8166.34,23300.72,0,0
592,CASH_OUT,7929.51,C195840907,14463.75,6534.24,C574955358,48995.61,55924.25,0,0
141,CASH_OUT,4596.79,C709882736,593.21,0.0,C489881333,3952.06,8414.3,0,0
344,CASH_OUT,639218.72,C224255555,13930.3,0.0,C978265930,202.44,448485.9,0,0
97,PAYMENT,1861.96,C988211681,33940.33,32078.37,C159119493,2332.99,4108.54,0,0
511,CASH_IN,13853.31,C475602435,10906.29,0.0,C149610352,49151.94,62182.07,0,0
354,CASH_OUT,2099.82,C407797803,10185.76,8085.94,C531126326,7828.56,9365.27,0,0
246,PAYMENT,201615.43,C149703198,3145.8,0.0,C130857160,382.62,192733.65,0,0
169,PAYMENT,39986.11,C250950939,2973.19,0.0,C406816258,348618.17,385767.81,0,0
420,TRANSFER,2389.81,C952928489,210496.18,208106.37,C282951300,514.47,2539.39,0,0
498,PAYMENT,20387.37,C583405181,222241.42,201854.05,C356240707,3173.96,18944.9,0,0
699,PAYMENT,12885.43,C911706229,13306.78,421.35,C956261519,759.53,10893.02,0,0
325,CASH_OUT,3197.34,C960326179,20379.51,17182.17,C803280725,761.43,3586.86,0,0
120,CASH_OUT,31719.78,C144040325,3067.79,0.0,C592659301,2177.93,26725.59,0,0
619,CASH_OUT,16329.85,C442706356,35026.57,18696.72,C224298784,15445.46,28470.26,0,0
468,PAYMENT,11947.27,C854480549,187114.08,175166.81,C318392932,50159.17,61858.55,0,0
521,PAYMENT,7514.16,C557986756,1347.7,0.0,C496547401,2452.58,9356.58,0,0
73,CASH_OUT,17604.29,C613086340,26791.1,9186.81,C322015269,797.71,17008.13,0,0
233,CASH_OUT,12245.3,C731766599,29987.42,17742.12,C429576788,11632.41,23715.84,0,0
571,CASH_OUT,9012.5,C944878288,29478.3,20465.8,C850477213,12262.91,18587.33,0,0
619,CASH_IN,2555.93,C898238052,157035.39,154479.46,C342130917,7575.52,9552.14,0,0
324,CASH_IN,170890.66,C662581150,283233.61,112342.95,C546709680,8073.41,161429.35,0,0
598,CASH_IN,1223.22,C619277038,9412.32,8189.1,C743011169,4013.35,5030.43,0,0
626,TRANSFER,17496.31,C424896209,36671.7,19175.39,C785295056,5864.49,18704.01,0,0
288,CASH_OUT,4553.11,C204694390,15159.01,10605.9,C627219329,3544.06,7798.35,0,0
668,PAYMENT,192371.77,C738109756,5176.2,0.0,C682891695,33739.98,171116.85,0,0
215,PAYMENT,1593.57,C102320749,20054.75,18461.18,C509065361,271366.91,272742.41,0,0
178,CASH_IN,2157.11,C728355198,36579.72,34422.61,C941591901,6791.15,8665.12,0,0
508,CASH_IN,1414.21,C547229378,18497.54,17083.33,C600018457,4856.97,6116.73,0,0
474,PAYMENT,14504.83,C807830113,3562.54,0.0,C912950709,7789.64,19316.45,0,0
104,CASH_OUT,684.38,C954308918,6665.23,5980.85,C351480560,1503.79,1987.7,0,0
619,PAYMENT,3424.29,C615359684,6742.18,3317.89,C582811204,19476.45,22786.69,0,0
149,CASH_IN,168.3,C538635454,3775.67,3607.37,C778953627,10873.87,11038.6,0,0
599,PAYMENT,12490.93,C435645224,21382.1,8891.17,C345974684,2305.73,12855.53,0,0
6,PAYMENT,3293.19,C179988696,25013.43,21720.24,C565972311,24927.34,27252.96,0,0
593,CASH_OUT,556.41,C127829815,58062.56,57506.15,C597674216,5085.67,5572.12,0,0
585,CASH_OUT,57187.86,C923481475,3690.68,0.0,C259791896,857.39,46309.1,0,0
580,TRANSFER,769.85,C148469280,5618.29,4848.44,C259849412,9254.71,9835.75,0,0
494,CASH_OUT,34013.02,C394440994,137565.33,103552.31,C606765090,7529.52,33062.61,0,0
351,CASH_OUT,2294.17,C647385170,10438.5,8144.33,C260908367,27687.95,29417.24,0,0
524,CASH_OUT,144759.42,C761755642,13977.39,0.0,C953488053,21955.75,137655.05,0,0
206,CASH_OUT,31231.77,C724813481,10273.72,0.0,C571401436,4037.55,28529.07,0,0
581,PAYMENT,1320.17,C328494845,73097.26,71777.09,C734964634,2101.16,3356.55,0,0
413,PAYMENT,1555.03,C157399755,77475.19,75920.16,C457198023,4930.22,6249.81,0,0
341,CASH_OUT,24099.48,C408866008,70955.78,46856.3,C368923025,9451.76,29413.22,0,0
376,PAYMENT,5052.91,C446500340,13902.88,8849.97,C537850857,11740.01,15498.11,0,0
423,CASH_IN,5974.07,C980287626,3609.58,0.0,C739785857,8455.24,14206.88,0,0
28,CASH_IN,80019.85,C385417912,239862.14,159842.29,C457807194,4173.99,61503.94,0,0
104,DEBIT,2105.61,C974233808,48265.07,46159.46,C354345679,29562.76,31187.99,0,0
183,TRANSFER,9550.31,C730230758,6734.59,0.0,C229579359,1460.09,9925.88,0,0
86,CASH_IN,45176.4,C723044002,113066.14,67889.74,C588419953,426311.77,467453.63,0,0
327,CASH_IN,34766.57,C837804245,5982.46,0.0,C711712529,19409.67,52102.31,0,0
497,CASH_OUT,6079.62,C858081196,110863.51,104783.89,C573936187,645.82,5649.88,0,0
487,PAYMENT,4817.3,C300200875,122691.32,117874.02,C322651790,6859.66,10732.88,0,0
351,CASH_IN,354.3,C478822687,3353.55,2999.25,C439352116,19748.45,20027.13,0,0
636,CASH_OUT,1210.46,C575407962,31972.69,30762.23,C413093079,2620.54,3674.16,0,0
420,PAYMENT,14372.14,C979085492,43186.62,28814.48,C283391972,333.2,11896.89,0,0
59,CASH_OUT,6322.13,C136547512,674929.69,668607.56,C947963309,757.24,5805.01,0,0
569,CASH_IN,9273.06,C529107109,4387.65,0.0,C396777221,13039.88,19578.01,0,0
427,CASH_IN,52609.74,C292830240,114555.52,61945.78,C325538682,208.87,52002.89,0,0
472,CASH_OUT,956.06,C286125914,13711.9,12755.84,C645984820,361.83,1048.45,0,0
421,CASH_OUT,5296.89,C785585444,2075.49,0.0,C518223482,12917.04,17055.3,0,0
412,PAYMENT,11380.76,C281703934,11159.2,0.0,C700633521,3292.53,14405.0,0,0
68,PAYMENT,2281.33,C814058488,13409.21,11127.88,C185507700,1404.72,3504.92,0,0
416,PAYMENT,106580.82,C798764016,2728.93,0.0,C579366219,2017.23,95109.39,0,0
591,TRANSFER,41583.4,C252929523,21338.33,0.0,C159927662,348.12,37700.17,0,0
226,CASH_OUT,13660.18,C228149132,56202.35,42542.17,C223763382,11754.79,21714.67,0,0
448,CASH_OUT,204764.78,C493412766,19097.28,0.0,C632796964,1150.81,194160.9,0,0
23,PAYMENT,545.66,C595931254,5926.77,5381.11,C284113677,1873.65,2296.55,0,0
259,CASH_OUT,7991.17,C800509715,10692.44,2701.27,C132924782,9174.78,17060.98,0,0
325,PAYMENT,15668.48,C480437572,13268.99,0.0,C261079861,3096.63,15152.15,0,0
731,PAYMENT,1562.12,C914100268,18508.45,16946.33,C795538958,1382.47,2769.02,0,0
160,CASH_IN,13922.84,C688662881,70597.23,56674.39,C628114832,136.87,12160.6,0,0
206,CASH_OUT,1105.61,C725913632,20088.64,18983.03,C443618129,9522.06,10343.45,0,0
304,CASH_IN,28085.34,C527378048,1629.38,0.0,C976044876,5665.71,28383.33,0,0
738,CASH_IN,54399.08,C230815274,5747.49,0.0,C447177697,1936.63,52766.47,0,0
635,CASH_OUT,13229.44,C645364385,17137.62,3908.18,C889515336,759.52,10863.85,0,0
26,CASH_OUT,288.58,C505785945,72127.22,71838.64,C410459571,5028.98,5314.34,0,0
174,PAYMENT,1421.93,C819776689,93598.5,92176.57,C122726694,11670.85,12792.25,0,0
611,PAYMENT,22392.42,C794446839,191382.25,168989.83,C199226891,5860.36,25745.2,0,0
44,PAYMENT,8418.25,C479848956,16251.19,7832.94,C346353961,93762.28,101217.99,0,0
636,CASH_OUT,63.48,C669257646,41980.64,41917.16,C267915889,17476.18,17529.58,0,0
210,CASH_OUT,75894.14,C673324555,1507.65,0.0,C445012252,4051.69,72098.99,0,0
682,CASH_OUT,10362.84,C578690408,25458.94,15096.1,C978110057,18562.56,28128.22,0,0
219,CASH_IN,1855.05,C992736468,2662.72,807.67,C995694986,5364.68,7007.7,0,0
323,TRANSFER,48577.71,C328362159,12163.45,0.0,C281181866,5331.28,47496.65,0,0
492,CASH_OUT,2393.3,C819250230,1257652.67,1255259.37,C934910749,50688.53,52799.39,0,0
94,CASH_OUT,2346.75,C941813825,21064.22,18717.47,C634130711,976.03,2901.74,0,0
414,PAYMENT,15444.91,C647818167,3656.57,0.0,C303266335,5125.37,16265.2,0,0
376,CASH_OUT,199959.32,C461413858,24629.09,0.0,C617433304,41834.56,191386.04,0,0
583,CASH_IN,150611.19,C413656790,6151.11,0.0,C703328377,8571.37,141412.13,0,0
741,CASH_IN,15482.73,C521193669,3161.76,0.0,C988166713,2529.32,17673.79,0,0
494,PAYMENT,18625.64,C147210052,313235.1,294609.46,C187306489,227.9,13409.68,0,0
305,PAYMENT,33681.3,C575741695,66185.59,32504.29,C117432159,82.55,29156.6,0,0
302,CASH_IN,843.39,C342633774,22433.37,21589.98,C174173311,206308.14,206962.29,0,0
311,PAYMENT,25834.52,C338829894,7422.45,0.0,C428381403,8563.99,31001.84,0,0
605,PAYMENT,2161.74,C604317934,8381.78,6220.04,C359518804,1717.57,3716.96,0,0
239,PAYMENT,14375.21,C967291698,135093.55,120718.34,C748332109,9219.01,22453.34,0,0
125,CASH_OUT,5380.62,C285274611,21159.97,15779.35,C592522298,892.64,5829.17,0,0
249,CASH_IN,19973.77,C920338484,131.08,0.0,C900062729,2707.65,21356.7,0,0
17,PAYMENT,10022.48,C567465125,504542.71,494520.23,C779253492,903.53,8137.59,0,0
79,CASH_OUT,32.09,C443990929,17581.34,17549.25,C673719942,386.1,413.47,0,0
67,PAYMENT,11181.38,C997227614,22360.55,11179.17,C389346176,111.17,8816.25,0,0
574,PAYMENT,25741.9,C693966387,68189.25,42447.35,C987491125,277.06,25410.97,0,0
537,CASH_IN,18081.98,C702820085,26852.23,8770.25,C747405158,30894.02,47798.21,0,0
518,PAYMENT,6736.83,C606897103,40960.48,34223.65,C951060037,831.82,5764.95,0,0
344,PAYMENT,155731.87,C572603244,7075.65,0.0,C594337002,12871.95,133248.61,0,0
533,PAYMENT,14192.54,C865660511,2111.82,0.0,C209770747,27500.66,39373.66,0,0
120,CASH_OUT,17815.28,C813114634,20340.09,2524.81,C674568955,5063.65,22680.69,0,0
670,PAYMENT,53108.14,C121424389,114396.07,61287.93,C642192420,2871.47,41794.53,0,0
373,CASH_OUT,15563.25,C725156890,5055.82,0.0,C977882709,6244.41,19790.53,0,0
697,PAYMENT,1609.32,C769724398,4482.62,2873.3,C326950514,2321.77,3613.07,0,0
114,PAYMENT,100.58,C547557421,83410.45,83309.87,C978164084,42917.57,43007.48,0,0
370,PAYMENT,3432.97,C401962494,6728.67,3295.7,C174255874,144027.71,147098.89,0,0
518,CASH_OUT,31878.97,C705898024,7216.75,0.0,C559905626,66813.56,91429.78,0,0
369,CASH_IN,4291.65,C465715285,7633.36,3341.71,C220123232,102.23,4118.11,0,0
332,CASH_OUT,34273.27,C431760838,12118.99,0.0,C960762380,2238.03,27167.68,0,0
124,CASH_OUT,10590.48,C140497547,1260.85,0.0,C786885654,4951.7,14964.38,0,0
284,CASH_OUT,82332.31,C128545437,5949.07,0.0,C914207542,11310.7,74178.83,0,0
178,DEBIT,4762.89,C174771807,18874.22,14111.33,C642278378,219.39,4395.84,0,0
225,CASH_OUT,18801.78,C481410487,18673.43,0.0,C457005338,213.11,15333.37,0,0
508,PAYMENT,20142.62,C559374220,75886.16,55743.54,C485522307,51648.76,69433.36,0,0
469,PAYMENT,120919.87,C467518775,210889.24,89969.37,C952182776,1796.48,96141.23,0,0
452,CASH_OUT,375.42,C959653737,129149.4,128773.98,C236410061,337.87,664.74,0,0
269,PAYMENT,3550.58,C302311991,52679.34,49128.76,C896331297,674.15,3168.29,0,0
714,PAYMENT,37321.65,C453667373,10688.23,0.0,C479809775,9925.42,40243.15,0,0
66,CASH_OUT,130955.61,C369774077,5246.92,0.0,C631345465,1118.13,125253.15,0,0
255,CASH_IN,12483.07,C625725622,13722.85,1239.78,C700288243,7592.58,18064.65,0,0
88,PAYMENT,4784.48,C378918055,32156.44,27371.96,C173906117,844.12,4909.87,0,0
252,TRANSFER,31660.12,C385994298,45839.74,14179.62,C233815893,212.82,28278.66,0,0
715,PAYMENT,38702.71,C703744290,34017.44,0.0,C244711216,63823.98,95957.4,0,0
273,PAYMENT,4241.23,C847226717,11139.32,6898.09,C649806151,10064.22,14136.32,0,0
676,TRANSFER,14684.58,C291309536,43490.31,28805.73,C791034892,2695.26,14751.26,0,0
368,CASH_OUT,67842.84,C315532001,88548.77,20705.93,C979257136,1922.82,68596.44,0,0
520,PAYMENT,243488.79,C619880451,50023.12,0.0,C472618586,68653.04,303152.57,0,0
340,CASH_OUT,30843.73,C244040254,12733.36,0.0,C290950569,14253.45,39740.44,0,0
198,TRANSFER,8773.14,C138490132,3824.67,0.0,C500398173,38725.88,45829.84,0,0
568,CASH_IN,7351.54,C575416564,3690.99,0.0,C754620823,1718.75,8357.11,0,0
721,CASH_OUT,22099.58,C678067917,4808.66,0.0,C672875431,5384.07,25861.36,0,0
196,PAYMENT,6579.99,C128442717,19645.68,13065.69,C623792459,10137.11,15109.99,0,0
579,CASH_OUT,11399.82,C484682452,29135.3,17735.48,C668030378,1825.99,10630.23,0,0
195,PAYMENT,1206.91,C793041065,1600.71,393.8,C295610795,4138.31,5036.1,0,0
533,CASH_OUT,83675.62,C558527216,6272.98,0.0,C286033599,1719.01,79387.35,0,0
587,TRANSFER,1040.72,C275318954,19243.49,18202.77,C621411934,10079.98,11031.53,0,0
334,PAYMENT,3722.68,C262857354,3465.04,0.0,C875064263,455.54,3272.55,0,0
548,CASH_OUT,9659.22,C697184277,25613.02,15953.8,C662984514,13760.34,22077.53,0,0
203,PAYMENT,291786.13,C516713814,8424.15,0.0,C509748910,8597.99,279746.61,0,0
59,CASH_OUT,3786.4,C405138841,4513.69,727.29,C613364784,3408.56,7134.79,0,0
72,PAYMENT,2443.46,C106986411,14469.64,12026.18,C722539318,11038.35,12879.64,0,0
333,PAYMENT,3006.49,C433623175,24062.76,21056.27,C267546220,2548.11,4927.14,0,0
671,PAYMENT,160494.49,C801407485,3741.37,0.0,C515897739,1471.1,130589.23,0,0
95,CASH_IN,51.3,C755574549,9284.31,9233.01,C750754537,13078.27,13123.8,0,0
339,CASH_OUT,1332.85,C483392888,26944.04,25611.19,C165918845,14138.05,15125.59,0,0
524,PAYMENT,1106065.49,C336440510,4259.32,0.0,C244080731,1972.22,840401.63,0,0
151,CASH_OUT,23472.57,C312194055,1111.39,0.0,C632080010,1690.04,23616.5,0,0
537,CASH_OUT,1106.8,C290130525,1332.94,226.14,C314590565,3535.63,4490.37,0,0
228,CASH_IN,7514.18,C140756702,7136.11,0.0,C220428686,1819.63,7441.11,0,0
601,CASH_OUT,9149.17,C123514426,1848.95,0.0,C325257933,76512.88,83983.45,0,0
431,PAYMENT,37161.38,C585926929,7930.07,0.0,C519876852,8687.64,36200.0,0,0
407,CASH_IN,222149.0,C301109828,162334.5,0.0,C258303309,5045.64,184721.31,0,0
132,CASH_OUT,16307.71,C847792795,1689.36,0.0,C573601311,916.99,14290.29,0,0
345,TRANSFER,3066.77,C776983749,8743.73,5676.96,C939683583,18586.32,20836.2,0,0
637,CASH_IN,33414.73,C792200535,327242.52,293827.79,C842330820,1634.53,25624.64,0,0
15,PAYMENT,2305.71,C511325086,24641.69,22335.98,C896108525,1517.86,3741.67,0,0
564,CASH_OUT,1261.42,C494010519,7695.69,6434.27,C465403944,19746.0,20964.9,0,0
367,PAYMENT,341.1,C483026953,10558.39,10217.29,C424528792,9869.27,10108.3,0,0
535,PAYMENT,484.33,C276508319,25439.13,24954.8,C384586890,54.26,486.46,0,0
493,PAYMENT,1613.88,C610593601,170017.71,168403.83,C374637637,3699.72,4874.79,0,0
322,CASH_IN,972.61,C877135998,6025.28,5052.67,C927721498,6160.64,7077.85,0,0
230,CASH_OUT,14240.22,C330968245,4288.04,0.0,C223738014,2667.05,16392.75,0,0
467,PAYMENT,935.5,C151102930,1688.82,753.32,C924695034,6559.4,7387.3,0,0
105,CASH_OUT,28.26,C608236382,15594.04,15565.78,C859638112,189.15,214.13,0,0
434,CASH_OUT,1237.64,C459300452,1622.09,384.45,C664778672,30.09,1034.37,0,0
71,CASH_IN,3465.64,C817708438,6663.01,3197.37,C870081575,849.08,3534.4,0,0
483,TRANSFER,2724.91,C870953627,3418.56,693.65,C128605223,8168.53,10484.11,0,0
468,PAYMENT,124884.48,C955575045,66915.46,0.0,C835537222,14.81,92443.71,0,0
63,PAYMENT,2685.5,C453859018,6231.71,3546.21,C559899472,1076.66,3498.09,0,0
563,PAYMENT,39563.5,C911572901,24231.18,0.0,C962584313,154.32,33428.25,0,0
309,CASH_OUT,7830.89,C206087923,1204.55,0.0,C177219052,3175.68,9074.54,0,0
585,CASH_OUT,7508.95,C435461816,16272.97,8764.02,C616375616,166744.61,173326.16,0,0
31,CASH_OUT,1801.39,C339354550,2197.9,396.51,C193468344,3324.53,5015.31,0,0
134,PAYMENT,7289.51,C930790709,7055.25,0.0,C558065546,4050.09,10440.36,0,0
368,CASH_IN,2044.33,C640026497,368355.53,366311.2,C133407198,22261.54,24017.41,0,0
140,PAYMENT,11004.33,C429271071,54082.26,43077.93,C174561440,5106.92,15608.52,0,0
246,PAYMENT,5296.23,C236832316,11019.05,5722.82,C578531929,3337.63,7062.08,0,0
491,CASH_OUT,1479.81,C804690314,1620771.56,1619291.75,C834274533,26054.94,27364.61,0,0
108,DEBIT,48310.77,C689441793,3385.44,0.0,C197380596,11491.89,51247.19,0,0
504,CASH_IN,17471.27,C867666635,76712.85,59241.58,C336085459,8262.86,21507.3,0,0
77,TRANSFER,3617.31,C494345737,1340.76,0.0,C452194150,3828.38,7423.53,0,0
131,PAYMENT,10528.99,C234916173,9266.08,0.0,C587335927,2636.17,11281.99,0,0
437,PAYMENT,6968.25,C400950550,1769.26,0.0,C100651485,25614.34,31192.97,0,0
590,CASH_OUT,1699.92,C658066769,19651.6,17951.68,C675134988,2682.13,3958.26,0,0
127,CASH_IN,9199.4,C316832932,14529.78,5330.38,C548087107,45082.76,54275.99,0,0
223,CASH_IN,2649.64,C163639058,8421.16,5771.52,C371201321,746.31,3281.53,0,0
688,CASH_IN,1479.0,C840996987,68739.93,67260.93,C544430523,64913.51,65979.86,0,0
736,CASH_IN,436.6,C577478982,5706.45,5269.85,C173453403,11495.05,11874.77,0,0
432,CASH_IN,4249.29,C457006552,21813.35,17564.06,C850487980,859.75,4022.16,0,0
333,TRANSFER,22483.73,C597560937,45744.75,23261.02,C514437243,12285.33,32851.97,0,0
258,CASH_IN,2320.67,C764631338,1443.99,0.0,C871693481,1524.55,3486.04,0,0
456,CASH_IN,757118.94,C101211830,4347.6,0.0,C365867948,5219.57,560276.1,0,0
440,PAYMENT,39904.09,C496319673,14483.88,0.0,C312243604,2046.88,36648.18,0,0
220,DEBIT,84778.24,C328814209,34379.99,0.0,C317772079,3869.03,86375.44,0,0
17,PAYMENT,33909.06,C132374711,112629.24,78720.18,C289960001,26757.64,53964.86,0,0
113,PAYMENT,227557.21,C496455377,9664.17,0.0,C179750794,12497.96,175256.36,0,0
713,PAYMENT,1965.29,C589562197,8310.65,6345.36,C987445320,648.29,2581.27,0,0
311,PAYMENT,80.69,C556919001,3608.71,3528.02,C958542759,718.69,778.61,0,0
359,CASH_OUT,3629.95,C804661916,21916.09,18286.14,C349573131,8001.59,11059.88,0,0
348,PAYMENT,22132.3,C512057973,8555.45,0.0,C497992274,9115.55,28224.65,0,0
582,CASH_OUT,10643.78,C630900596,8856.9,0.0,C541693127,1459.72,9667.42,0,0
49,CASH_OUT,13304.41,C834617540,11604.72,0.0,C124127214,86195.04,96216.26,0,0
62,CASH_OUT,87346.48,C691563024,30559.84,0.0,C134902733,21253.8,85361.02,0,0
205,CASH_IN,16118.19,C299437212,5735.35,0.0,C347533803,1593.94,13214.94,0,0
362,PAYMENT,34133.8,C808100807,4195.48,0.0,C707024291,1339.35,30436.3,0,0
499,CASH_OUT,1493.36,C727068004,25529.41,24036.05,C906845347,3261.48,4684.06,0,0
365,CASH_IN,1128.1,C624503711,142.8,0.0,C728705751,2704.47,3537.04,0,0
328,CASH_OUT,148064.77,C103371077,5401.77,0.0,C491908722,47149.73,181916.17,0,0
697,PAYMENT,9716.91,C587304964,2375.67,0.0,C927267349,28915.74,36920.4,0,0
120,CASH_OUT,2639.08,C872619903,81217.61,78578.53,C316040444,5235.02,7110.26,0,0
425,PAYMENT,2647.81,C680154426,6895.34,4247.53,C666254951,16651.07,18930.28,0,0
403,PAYMENT,2518.9,C104589281,5761.34,3242.44,C192779736,21619.6,23573.27,0,0
352,CASH_IN,2261.7,C359047266,12420.04,10158.34,C683480339,5458.17,7452.03,0,0
601,PAYMENT,804.59,C612411748,5469.49,4664.9,C118484482,10144.77,10792.3,0,0
199,CASH_OUT,544.16,C830662161,7302.91,6758.75,C735205745,14321.79,14811.5,0,0
709,CASH_IN,5704.39,C500431123,15454.66,9750.27,C427027675,11821.68,17386.6,0,0
247,PAYMENT,2787.03,C871163359,7093.54,4306.51,C356019340,1209.73,3365.12,0,0
405,PAYMENT,59449.75,C340495446,7017.58,0.0,C675624307,1451.17,59827.98,0,0
387,CASH_OUT,13732.74,C275459160,2935.88,0.0,C253471028,2923.48,13378.11,0,0
632,CASH_OUT,13063.43,C912536387,2366.87,0.0,C569389797,1377.47,10798.93,0,0
327,CASH_OUT,2126.82,C630285686,14631.84,12505.02,C661525032,346.69,1958.42,0,0
212,CASH_OUT,6516.87,C863859451,21160.7,14643.83,C707516974,16592.62,22747.64,0,0
17,PAYMENT,15518.71,C929924261,1568.33,0.0,C291818571,9168.55,23186.09,0,0
271,PAYMENT,29411.83,C482038090,41769.1,12357.27,C226156369,441.04,29595.52,0,0
614,PAYMENT,6843.09,C141160009,42027.16,35184.07,C580444229,3185.45,9432.84,0,0
8,CASH_IN,56524.12,C918100181,57643.55,1119.43,C151603662,3527.29,50091.26,0,0
666,PAYMENT,8220.45,C625216670,20948.74,12728.29,C508854210,6819.22,14774.39,0,0
404,PAYMENT,33763.14,C208395094,34739.17,976.03,C662822326,701.02,34040.05,0,0
105,PAYMENT,3355.2,C576815271,354172.29,350817.09,C838897799,429.58,3575.07,0,0
225,CASH_IN,310.24,C125187903,8499.12,8188.88,C687901874,12525.28,12794.26,0,0
412,CASH_OUT,13135.14,C413080142,2783.5,0.0,C995200315,310.71,12759.27,0,0
235,CASH_OUT,29899.09,C608892128,1337.97,0.0,C601033361,3233.13,25768.48,0,0
81,CASH_IN,22825.31,C855455170,186001.66,163176.35,C501566630,2732.74,24875.69,0,0
495,CASH_OUT,17325.52,C416298352,189696.53,172371.01,C321186219,3936.66,21259.89,0,0
500,CASH_OUT,4326.63,C761794848,3337.91,0.0,C705811889,7745.69,11637.68,0,0
89,PAYMENT,1896.67,C773665601,4487.36,2590.69,C388876435,87328.06,88767.19,0,0
209,CASH_OUT,21875.24,C329239205,8217.44,0.0,C168117413,276.14,16536.68,0,0
182,PAYMENT,17458.91,C530120934,83816.51,66357.6,C109432733,23809.66,41056.0,0,0
490,CASH_OUT,2952.42,C671344851,1937.29,0.0,C669080610,53.42,2891.89,0,0
543,PAYMENT,59692.61,C853447133,699.29,0.0,C120342928,60396.12,115588.13,0,0
541,CASH_OUT,1653.82,C754801346,344990.35,343336.53,C689002944,124.32,1752.9,0,0
698,CASH_OUT,2834.61,C210821752,21344.73,18510.12,C457977119,394553.63,396965.94,0,0
572,PAYMENT,154132.11,C439722534,26413.22,0.0,C475953208,2436.74,151378.28,0,0
239,PAYMENT,38694.3,C979973080,9821.62,0.0,C336226416,50145.77,79121.85,0,0
81,CASH_OUT,4253.86,C947627327,26867.63,22613.77,C746292749,34595.57,37806.57,0,0
457,CASH_OUT,13592.66,C722275833,1378.42,0.0,C770180186,2240.2,13844.29,0,0
681,PAYMENT,10706.71,C496695308,3784.31,0.0,C180212816,2572.03,11134.75,0,0
725,PAYMENT,57.85,C146993459,15642.34,15584.49,C599574689,1089.11,1137.11,0,0
172,CASH_IN,1585.01,C322228091,443.04,0.0,C642823412,20277.48,21766.53,0,0
176,CASH_OUT,7394.38,C183365027,8486.43,1092.05,C230390108,2293.32,7587.86,0,0
28,CASH_OUT,4264.58,C709759830,7736.88,3472.3,C242294370,1125.33,5032.76,0,0
105,PAYMENT,12642.06,C957360033,8484.23,0.0,C714143468,12927.3,22111.36,0,0
413,CASH_OUT,61887.17,C377141847,5845.21,0.0,C509238843,977.58,60033.43,0,0
407,CASH_OUT,101593.32,C891204980,101593.32,0.0,C648575004,2718.49,6173.39,1,0
276,TRANSFER,1207.4,C484845406,868.66,0.0,C166224990,5959.79,7071.18,0,0
231,CASH_OUT,14541.08,C503959223,16599.38,2058.3,C741810518,1546.31,14307.04,0,0
617,CASH_IN,4501.1,C280434420,8516.95,4015.85,C963992962,2028.83,5700.32,0,0
342,CASH_IN,6118.58,C484756807,1697.78,0.0,C302077735,77883.53,82657.62,0,0
601,CASH_IN,4792.5,C886275771,14673.52,9881.02,C563387807,3402.88,6840.24,0,0
716,CASH_IN,458313.19,C697014103,8583.31,0.0,C842261677,2572.6,371979.48,0,0
236,CASH_OUT,143.56,C281400334,6690.64,6547.08,C990922194,3585.94,3695.07,0,0
151,PAYMENT,4027.89,C573886499,525.66,0.0,C828719476,11136.9,14120.66,0,0
709,PAYMENT,8049.46,C736011294,37203.25,29153.79,C405685809,764.36,8182.34,0,0
472,CASH_IN,1986.13,C169607092,2101.54,115.41,C868713181,10604.01,12120.93,0,0
217,CASH_OUT,40932.78,C786991925,14689.75,0.0,C111462705,7789.07,39182.36,0,0
463,CASH_IN,35026.63,C281123957,3974.27,0.0,C393489900,196.45,28292.87,0,0
383,TRANSFER,7435.65,C365190479,7457.01,21.36,C279475034,124201.45,130438.44,0,0
673,CASH_IN,4978.02,C474710139,75240.03,70262.01,C575243225,68149.86,72401.66,0,0
191,PAYMENT,6624.15,C554423263,29656.22,23032.07,C902442984,1163.27,7120.79,0,0
737,CASH_OUT,6710.2,C924411893,72770.06,66059.86,C998477078,651.73,6533.6,0,0
696,PAYMENT,7036.94,C300690353,21929.29,14892.35,C223286963,7409.31,13352.04,0,0
135,CASH_OUT,5776.78,C330262656,24202.6,18425.82,C776976265,377.45,5103.91,0,0
123,PAYMENT,12764.32,C441036691,923.61,0.0,C510824086,57280.14,67232.94,0,0
397,CASH_OUT,31438.29,C968620958,8297.52,0.0,C187737714,2114.94,30817.56,0,0
34,PAYMENT,884.95,C509043477,9534.16,8649.21,C194043388,91058.05,91761.81,0,0
223,CASH_OUT,1222.69,C925536851,83742.11,82519.42,C921925547,1114.4,2281.92,0,0
324,PAYMENT,348.16,C861952785,6252.0,5903.84,C365701965,4015.98,4320.92,0,0
721,PAYMENT,38542.44,C713140648,19876.42,0.0,C673579164,48097.37,82407.21,0,0
738,TRANSFER,12715.56,C586539614,18744.13,6028.57,C950999730,2746.74,13588.5,0,0
113,CASH_OUT,20120.24,C985912799,75849.98,55729.74,C543974781,8020.57,27709.57,0,0
663,CASH_OUT,618.26,C315135767,10931.28,10313.02,C288933408,35129.12,35640.1,0,0
68,CASH_OUT,201371.48,C741591870,46243.7,0.0,C829890027,1806.44,168560.26,0,0
557,CASH_OUT,2708.28,C118803868,1035.56,0.0,C716324750,507.18,3128.54,0,0
629,DEBIT,10968.36,C550511164,1186.75,0.0,C754411298,355.78,10024.08,0,0
662,TRANSFER,37717.99,C868991114,434.84,0.0,C594480366,14047.21,45532.1,0,0
166,TRANSFER,1371.19,C822792828,43433.12,42061.93,C586849258,9895.16,10962.83,0,0
664,CASH_OUT,3030.9,C471186900,36698.84,33667.94,C262477387,33222.87,35567.31,0,0
87,PAYMENT,11187.02,C874460375,51289.5,40102.48,C576375583,3001.06,13521.67,0,0
386,PAYMENT,1388107.04,C671356196,4836.55,0.0,C776375572,374.16,1088427.74,0,0
349,PAYMENT,13933.13,C761798670,5736.92,0.0,C275721304,71.17,9848.34,0,0
235,CASH_IN,146012.87,C150537040,11141.46,0.0,C308820722,857976.99,961038.45,0,0
17,CASH_OUT,70984.13,C318898716,116488.63,45504.5,C721326080,12688.63,83212.84,0,0
574,PAYMENT,15715.74,C899552120,169522.71,153806.97,C983619358,6286.91,19927.41,0,0
250,CASH_OUT,1365.73,C888397605,43945.82,42580.09,C452830510,8115.67,9272.04,0,0
492,CASH_OUT,54587.3,C141702976,21950.16,0.0,C845491858,373.75,53616.17,0,0
305,TRANSFER,546.43,C441595996,99019.69,98473.26,C264478004,1175.24,1615.39,0,0
278,TRANSFER,144578.11,C184719603,9101.88,0.0,C612746421,113322.64,249009.09,0,0
659,PAYMENT,11614.5,C970709246,7432.28,0.0,C949406276,16075.07,26720.26,0,0
71,PAYMENT,68.69,C275608049,11008.98,10940.29,C497401201,1243.3,1301.21,0,0
548,CASH_OUT,4390.02,C677306507,3077.67,0.0,C239580623,540.09,4633.3,0,0
555,CASH_OUT,26294.26,C823754200,10275.17,0.0,C575232982,1942.54,27966.85,0,0
283,CASH_OUT,5288.85,C892881137,2499.6,0.0,C280863583,2785.62,6806.11,0,0
196,CASH_OUT,29348.9,C418748117,62162.78,32813.88,C429765523,196508.87,217207.26,0,0
4,CASH_OUT,1754.53,C535059124,30198.0,28443.47,C682527873,3502.1,5162.65,0,0
697,PAYMENT,772.19,C196602578,114044.45,113272.26,C948718615,577.56,1211.59,0,0
705,CASH_OUT,7125.24,C300537841,1159.88,0.0,C314088639,4422.74,10574.11,0,0
180,PAYMENT,8576.82,C773352833,231548.68,222971.86,C725432824,7909.42,14485.6,0,0
24,CASH_OUT,4328.2,C717481963,1263.05,0.0,C669786069,490.3,4613.07,0,0
92,CASH_OUT,73800.74,C802930066,2213.96,0.0,C484126929,10136.5,77764.68,0,0
51,CASH_IN,1753.95,C722134556,5264.64,3510.69,C310976471,43306.1,45035.51,0,0
618,CASH_IN,14238.4,C405482723,94995.14,80756.74,C359244076,6308.22,18305.15,0,0
663,PAYMENT,9157.66,C364557453,18738.96,9581.3,C236821597,1170.61,10263.89,0,0
114,CASH_OUT,491.72,C950571446,9267.38,8775.66,C494005454,1897.01,2316.57,0,0
555,CASH_OUT,754.27,C127549548,4068.62,3314.35,C226448613,248.17,916.78,0,0
134,PAYMENT,8278.69,C811678560,1696.12,0.0,C109153865,3862.6,11331.95,0,0
273,CASH_OUT,286690.92,C219648792,73053.04,0.0,C723416451,8599.02,251406.57,0,0
446,CASH_IN,22987.04,C875105513,44265.41,21278.37,C163902259,978.54,20950.46,0,0
535,CASH_OUT,362.8,C629908328,101587.48,101224.68,C227002664,161370.83,161649.09,0,0
650,CASH_IN,30.0,C718996945,24227.1,24197.1,C929641701,20457.46,20481.72,0,0
34,PAYMENT,30317.99,C731266175,253.88,0.0,C752024649,195.0,27802.5,0,0
146,CASH_OUT,6814.55,C644427496,2065.5,0.0,C129270384,202.34,5052.23,0,0
209,CASH_IN,63213.85,C325614690,26830.83,0.0,C251153498,836.11,58368.55,0,0
231,CASH_IN,1660.22,C826470093,7672.7,6012.48,C766326492,83427.54,84740.99,0,0
742,DEBIT,15220.26,C590551887,5777.56,0.0,C759250371,24432.25,36327.66,0,0
578,CASH_IN,37164.61,C386547622,2553.35,0.0,C451923515,91370.87,125118.07,0,0
239,PAYMENT,3621.22,C410581846,55347.37,51726.15,C954753243,5005.92,7774.28,0,0
723,CASH_IN,3763.28,C693394909,26483.81,22720.53,C899623783,3370.85,7090.87,0,0
371,PAYMENT,8480.06,C428066154,28333.12,19853.06,C768858472,520.34,8976.69,0,0
373,CASH_OUT,21521.71,C712786803,5164.67,0.0,C773402965,9222.77,27245.7,0,0
323,CASH_OUT,7896.69,C510127173,17403.59,9506.9,C806243697,3452.65,9931.3,0,0
107,CASH_IN,46779.18,C737378894,1796.06,0.0,C233588917,3221.46,37076.08,0,0
695,PAYMENT,3528.11,C658489405,10995.68,7467.57,C730641322,90444.48,93737.85,0,0
11,PAYMENT,741.66,C620235322,301.3,0.0,C945913614,3915.03,4470.4,0,0
130,CASH_IN,284519.1,C938688812,1271.34,0.0,C302263696,53947.5,332751.85,0,0
171,CASH_IN,2728.91,C385799404,8238.16,5509.25,C113182821,281.88,3003.09,0,0
208,PAYMENT,2912.61,C489111582,471030.07,468117.46,C424800947,620699.3,622845.09,0,0
98,CASH_OUT,7197.97,C327757718,896.85,0.0,C342653528,2510.19,9023.65,0,0
14,CASH_IN,9144.67,C612554088,2068.6,0.0,C954340266,17552.14,25231.81,0,0
504,CASH_IN,4039.88,C989083649,18493.27,14453.39,C501296686,23371.94,26855.71,0,0
721,PAYMENT,7852.75,C286167125,189877.49,182024.74,C695089520,2007.73,7927.7,0,0
91,PAYMENT,7543.4,C929361522,18092.61,10549.21,C983747942,21466.61,28384.33,0,0
221,DEBIT,11099.72,C811247740,38300.29,27200.57,C810122260,23571.78,31896.39,0,0
377,TRANSFER,116.34,C496119485,8051.34,7935.0,C774167321,1361.5,1473.84,0,0
690,CASH_OUT,239324.91,C231928651,6210.94,0.0,C971825156,1390.84,201512.51,0,0
516,CASH_OUT,6215.99,C462393212,15112.49,8896.5,C719966053,5332.38,10867.47,0,0
570,CASH_OUT,23043.08,C823916142,4976.92,0.0,C308293228,3992.25,26494.68,0,0
432,CASH_OUT,678.18,C619398436,39592.86,38914.68,C754101494,60332.98,60957.84,0,0
310,CASH_OUT,3471.01,C267155598,1200.62,0.0,C389518000,17410.05,20402.94,0,0
149,CASH_IN,2415.91,C242696504,50765.92,48350.01,C680321487,4329.63,6312.62,0,0
643,CASH_OUT,114176.73,C970440979,14171.24,0.0,C383940214,14631.62,110384.85,0,0
598,PAYMENT,2822.94,C717388890,9680.98,6858.04,C121921726,123.47,2388.88,0,0
19,CASH_IN,31714.97,C424579695,1136.29,0.0,C999604964,1623.66,32826.6,0,0
532,CASH_OUT,2513.03,C181106419,3072.72,559.69,C614097169,8250.9,10200.65,0,0
63,PAYMENT,3587.77,C470743235,80658.32,77070.55,C703008052,36594.67,39546.7,0,0
550,PAYMENT,5208.3,C723859407,9770.29,4561.99,C827819541,7041.56,11903.34,0,0
614,PAYMENT,81709.15,C400005718,20284.2,0.0,C671068376,67834.77,133962.19,0,0
98,PAYMENT,269.96,C643258686,3571.36,3301.4,C649399036,23442.17,23702.95,0,0
323,PAYMENT,758.85,C403791621,12789.99,12031.14,C812655658,2040.62,2627.15,0,0
92,CASH_IN,243.44,C329517245,1705.77,1462.33,C365853955,3819.77,3992.47,0,0
422,CASH_OUT,1144.24,C334662397,15519.05,14374.81,C845599347,10251.29,11268.09,0,0
690,PAYMENT,1880.17,C330136961,23294.24,21414.07,C751693674,2191.75,3794.55,0,0
61,CASH_OUT,443.16,C746884703,21610.23,21167.07,C263901516,77367.52,77801.78,0,0
296,CASH_IN,2161.45,C403599666,3444.81,1283.36,C231428462,668.0,2455.39,0,0
724,CASH_OUT,215.62,C767225235,7997.81,7782.19,C891721337,8681.86,8841.56,0,0
224,CASH_OUT,1296.76,C379954487,29905.31,28608.55,C905296122,18468.18,19504.19,0,0
99,CASH_OUT,70316.15,C394485263,9728.78,0.0,C994222852,2795.58,60311.63,0,0
364,CASH_IN,16755.11,C931812010,8682.3,0.0,C190823527,1863.41,16523.12,0,0
378,PAYMENT,11355.32,C888604399,232164.49,220809.17,C906057096,4285.76,13169.6,0,0
493,PAYMENT,1332.75,C460633463,3208.36,1875.61,C877142020,21196.63,22349.58,0,0
234,CASH_IN,510.32,C341944496,67550.29,67039.97,C790834622,1998.74,2494.98,0,0
711,PAYMENT,1042.65,C744063844,2363.69,1321.04,C548028484,717.62,1580.02,0,0
388,CASH_IN,7496.73,C162877983,35673.79,28177.06,C557656184,38989.69,45702.79,0,0
213,PAYMENT,38666.09,C510807619,38647.17,0.0,C126333797,10084.29,39805.74,0,0
714,TRANSFER,41120.47,C639881060,6213.33,0.0,C550595584,30156.13,68825.74,0,0
688,CASH_IN,25212.68,C708199764,2151.21,0.0,C313444276,19279.49,38968.1,0,0
371,PAYMENT,2148.23,C196363515,695.3,0.0,C280185672,248649.8,250527.23,0,0
19,TRANSFER,8469.19,C348997657,5309.91,0.0,C150319620,36568.76,43260.05,0,0
444,PAYMENT,4544.09,C207318511,29417.0,24872.91,C511917021,1334.96,4607.71,0,0
413,TRANSFER,5641.24,C556467753,2653.3,0.0,C143091578,11458.45,15948.31,0,0
111,CASH_OUT,317054.9,C357723659,15450.91,0.0,C864747834,1801.76,243907.8,0,0
472,CASH_IN,339.81,C508337743,1458.78,1118.97,C900550549,2170.2,2499.07,0,0
625,PAYMENT,5311.25,C139579129,9406.61,4095.36,C820859717,386.64,4528.61,0,0
79,PAYMENT,71764.7,C732866873,2390.92,0.0,C370888701,2936.57,74150.62,0,0
538,PAYMENT,579.05,C330758572,11884.96,11305.91,C246743680,13109.1,13599.96,0,0
105,CASH_OUT,2543.39,C592299407,6300.48,3757.09,C706078880,4364.07,6313.12,0,0
557,DEBIT,3126.69,C714783083,2240.49,0.0,C118529955,679.35,3235.12,0,0
312,CASH_IN,5421.23,C855785123,4972.56,0.0,C871153538,316.89,4410.08,0,0
5,PAYMENT,458.19,C267015529,3290.4,2832.21,C494711068,219986.77,220422.1,0,0
718,CASH_IN,23659.38,C919688027,1861.45,0.0,C837790829,8824.52,26237.61,0,0
124,PAYMENT,26884.82,C535102490,67786.53,40901.71,C170172091,1115.07,26979.83,0,0
443,PAYMENT,20233.11,C136551077,7783.32,0.0,C483069198,11284.78,25726.67,0,0
135,CASH_OUT,1691.43,C335130716,491.11,0.0,C512485216,252845.76,254181.79,0,0
694,CASH_OUT,9468.44,C815269171,5245.25,0.0,C143283556,15015.41,22040.67,0,0
549,CASH_OUT,1605.21,C812859287,52684.03,51078.82,C736699435,32.57,1486.22,0,0
598,TRANSFER,4452.97,C277183907,4264.0,0.0,C938052480,581941.4,585742.88,0,0
322,PAYMENT,390913.77,C318005569,126325.33,0.0,C586537902,176.15,383976.02,0,0
348,CASH_OUT,9626.28,C766870868,3696.0,0.0,C672446610,3392.01,11187.89,0,0
472,CASH_IN,955.71,C857429736,28427.49,27471.78,C424878973,638.98,1319.66,0,0
584,CASH_IN,11210.47,C141940542,63256.8,52046.33,C783563449,1297.24,11706.14,0,0
630,CASH_OUT,711.07,C777211442,26246.58,25535.51,C337574993,8200.39,8821.76,0,0
14,TRANSFER,936.16,C651586139,1699.79,763.63,C466696155,118.17,1005.87,0,0
494,PAYMENT,1243.86,C884164818,3249.63,2005.77,C851273130,4177.87,5207.59,0,0
82,CASH_IN,3641.84,C135028477,77273.51,73631.67,C168446404,38762.8,42118.59,0,0
214,PAYMENT,43763.01,C729777015,3996.13,0.0,C871315948,1077.25,33957.26,0,0
617,CASH_OUT,22951.0,C214531856,57728.99,34777.99,C766640080,402.42,23350.16,0,0
187,PAYMENT,20772.63,C907305430,7006.36,0.0,C340194641,3824.76,19447.73,0,0
593,CASH_OUT,1120.95,C549961713,16517.17,15396.22,C969210541,2673.08,3736.79,0,0
345,PAYMENT,3058.36,C181777172,1670.43,0.0,C956658186,1683.43,4019.2,0,0
173,PAYMENT,13221.53,C517690777,5364.72,0.0,C996191916,578.81,12937.67,0,0
249,CASH_OUT,2615.01,C379380686,3594.07,979.06,C440022888,12513.11,15019.27,0,0
395,PAYMENT,4909.56,C115563721,18739.7,13830.14,C931423923,14349.56,19077.43,0,0
569,TRANSFER,17933.86,C917166807,15364.21,0.0,C883686164,721.86,15835.0,0,0
451,CASH_IN,4325.18,C265842998,26741.58,22416.4,C592381578,926.06,4510.09,0,0
694,CASH_IN,12172.17,C858423193,6401.04,0.0,C350992201,6283.52,17848.75,0,0
645,PAYMENT,142473.49,C629890029,3309.84,0.0,C969983526,865.28,125365.28,0,0
560,CASH_OUT,5947.07,C716682735,17572.56,11625.49,C552197575,6779.05,12050.43,0,0
449,CASH_IN,67697.74,C724795353,2851.55,0.0,C935106934,69042.93,121225.71,0,0
216,CASH_OUT,22178.22,C130085481,67348.36,45170.14,C580935256,4413.04,22906.28,0,0
307,PAYMENT,577.65,C992065408,11251.05,10673.4,C165920510,553.07,1021.45,0,0
89,CASH_OUT,1114.49,C138998577,8191.05,7076.56,C461869888,9954.56,10957.15,0,0
279,CASH_OUT,1807.19,C335179103,26722.56,24915.37,C600542627,3569.65,4941.21,0,0
689,PAYMENT,1739.4,C861265632,11913.81,10174.41,C245826908,3750.77,5180.08,0,0
317,CASH_OUT,6887.6,C175151525,1110.9,0.0,C730491353,11563.18,18138.22,0,0
85,PAYMENT,24498.31,C514831402,2718.55,0.0,C514369801,17049.35,38214.27,0,0
485,CASH_OUT,77597.09,C587751608,65287.97,0.0,C463596924,5239.09,80416.17,0,0
716,TRANSFER,14111.07,C958892330,15151.07,1040.0,C205645324,4406.23,15268.34,0,0
645,PAYMENT,3632.86,C211331783,1072.39,0.0,C465426604,201667.32,204689.75,0,0
204,CASH_IN,190.94,C132832833,22655.73,22464.79,C587991785,42659.16,42821.48,0,0
338,PAYMENT,9200.94,C683397401,5773.95,0.0,C615980251,22034.9,29581.24,0,0
395,CASH_OUT,8487.81,C144319150,3598.42,0.0,C343169043,6224.02,13908.44,0,0
185,CASH_IN,11262.93,C799502787,2398.72,0.0,C125005686,804.05,9190.61,0,0
200,CASH_IN,359055.6,C973464997,59867.81,0.0,C941330802,37395.12,344682.13,0,0
176,PAYMENT,75589.58,C579438820,700.47,0.0,C962079306,6372.39,62432.02,0,0
739,CASH_IN,33293.24,C953566265,3803.59,0.0,C913709706,1739.05,31328.72,0,0
555,CASH_OUT,1434.05,C213982208,15997.54,14563.49,C360915136,3172.73,4533.75,0,0
625,CASH_IN,3218.3,C346028635,142563.76,139345.46,C642337124,863.39,3135.51,0,0
607,CASH_OUT,6831.36,C509394881,30662.24,23830.88,C226801775,32964.69,38683.09,0,0
713,CASH_OUT,2006.74,C126468642,3755.45,1748.71,C915002886,16805.59,18506.93,0,0
79,CASH_OUT,19947.04,C192635111,132459.23,112512.19,C104939556,6815.39,25088.4,0,0
656,CASH_OUT,15404.82,C396470994,1749.9,0.0,C523602490,4550.47,15679.16,0,0
50,CASH_IN,1142.58,C763339056,19890.63,18748.05,C753005002,1443.46,2382.44,0,0
354,PAYMENT,69861.51,C737632106,27769.04,0.0,C546733867,106.26,65471.79,0,0
442,CASH_OUT,9741.58,C153821088,3562.89,0.0,C185775943,386.35,8760.63,0,0
266,PAYMENT,360.56,C690426958,38039.85,37679.29,C107047618,1291.09,1624.59,0,0
109,CASH_IN,7387.78,C423741391,6180.56,0.0,C237017172,985.02,6963.23,0,0
143,CASH_IN,13442.43,C812910531,37900.27,24457.84,C151788299,8273.8,21393.97,0,0
613,CASH_OUT,46677.91,C368231092,846.07,0.0,C145494959,21177.38,54935.01,0,0
237,CASH_OUT,4414.03,C339851557,22080.81,17666.78,C267133755,3900.3,7110.84,0,0
231,CASH_OUT,35964.55,C735517679,7200.03,0.0,C706810652,62072.01,92949.22,0,0
687,PAYMENT,11348.67,C524111150,74948.44,63599.77,C152235770,1200.85,10747.89,0,0
107,CASH_OUT,759.68,C693187304,12506.81,11747.13,C912959845,3850.79,4528.08,0,0
681,CASH_OUT,634.41,C581944684,87015.74,86381.33,C594738398,4483.79,4971.47,0,0
685,DEBIT,61120.82,C512781083,28607.36,0.0,C444512408,35099.26,82028.34,0,0
445,CASH_IN,69756.89,C919697175,11034.01,0.0,C863576118,5946.73,70453.22,0,0
123,CASH_OUT,14490.33,C481132886,43542.99,29052.66,C321249605,6250.55,17662.11,0,0
116,CASH_OUT,97817.35,C192824967,97817.35,0.0,C482281405,249.96,110105.17,1,0
212,CASH_OUT,54279.27,C727457281,27115.61,0.0,C161588953,972.79,49401.41,0,0
430,CASH_IN,27737.25,C234720301,429.04,0.0,C237843264,35338.0,55447.45,0,0
115,PAYMENT,1571.27,C918163356,3059.97,1488.7,C383121945,117.26,1552.36,0,0
339,TRANSFER,182877.49,C806080985,106527.53,0.0,C298253336,55126.55,231393.86,0,0
86,CASH_IN,21276.16,C690293846,2030.59,0.0,C414367400,12081.08,32186.92,0,0
402,PAYMENT,4046.03,C518384637,50196.06,46150.03,C158326928,1279.8,4122.78,0,0
16,PAYMENT,2433.57,C625671362,38548.75,36115.18,C649050811,1099.17,3196.7,0,0
527,CASH_OUT,12864.29,C166638418,4497.92,0.0,C203757017,149151.75,161681.58,0,0
42,PAYMENT,400.25,C789666701,669.92,269.67,C295270619,62350.72,62702.79,0,0
145,PAYMENT,28549.99,C962582323,5690.94,0.0,C105317278,3963.99,26435.62,0,0
130,PAYMENT,1456.18,C374558334,301649.96,300193.78,C351808130,6262.06,7366.37,0,0
618,TRANSFER,15789.41,C423075352,3659.51,0.0,C550171199,1535.9,15832.96,0,0
40,CASH_IN,3168.72,C732300639,4058.68,889.96,C376322985,6264.23,9215.5,0,0
319,CASH_OUT,5034.38,C661266818,2991.79,0.0,C388476831,1461.14,6363.5,0,0
440,CASH_OUT,2074.68,C816829850,82634.02,80559.34,C214395697,4266.81,6282.81,0,0
384,CASH_IN,6061.95,C950648965,9280.09,3218.14,C481063740,127847.43,132707.8,0,0
506,CASH_OUT,243016.15,C453143600,5224.64,0.0,C779647783,4137.7,218274.56,0,0
597,TRANSFER,98037.7,C550377830,111325.21,13287.51,C629120618,745.13,72357.33,0,0
293,CASH_IN,15337.59,C959295996,31864.29,16526.7,C729731745,420.12,11591.08,0,0
616,CASH_OUT,7742.43,C418606833,3364.6,0.0,C810775483,6178.38,11764.08,0,0
237,PAYMENT,37032.91,C268832006,2131.59,0.0,C488514179,1249.36,37472.85,0,0
732,CASH_OUT,61941.56,C656928935,75906.3,13964.74,C651354246,7660.91,53852.57,0,0
375,CASH_OUT,1819.52,C958027325,13700.43,11880.91,C620337803,266.37,1803.31,0,0
547,TRANSFER,7048.78,C845991002,1308.2,0.0,C831909623,17025.21,22875.15,0,0
651,CASH_OUT,305.05,C116523022,920.88,615.83,C463807209,729.02,972.28,0,0
589,CASH_IN,61180.5,C558122021,2504.74,0.0,C163047220,5341.89,58037.83,0,0
633,CASH_IN,333381.8,C243211052,2081.35,0.0,C873547619,2673.26,236319.65,0,0
399,TRANSFER,9359.51,C425956308,620.72,0.0,C818666964,108347.63,115966.69,0,0
33,CASH_OUT,176.79,C949551804,2567.63,2390.84,C710312157,6692.08,6841.26,0,0
367,CASH_OUT,24245.9,C986282676,3365.66,0.0,C101552179,163056.09,185871.27,0,0
135,CASH_IN,1591.83,C238309201,6674.02,5082.19,C686212752,13485.04,14934.07,0,0
661,CASH_OUT,2455.22,C226888606,169289.42,166834.2,C539014721,63941.93,66286.49,0,0
176,PAYMENT,25030.18,C726680900,8952.92,0.0,C315795311,3375.04,23721.81,0,0
170,CASH_OUT,12812.77,C469836574,10390.4,0.0,C338154918,9153.63,18664.19,0,0
186,TRANSFER,3365.74,C886036377,28677.93,25312.19,C177609624,44071.05,46832.02,0,0
478,CASH_OUT,2516.72,C928537235,9358.34,6841.62,C645679768,25057.49,27546.32,0,0
425,CASH_OUT,10162.96,C910432671,24348.6,14185.64,C861576438,12781.93,20549.46,0,0
705,PAYMENT,3877.56,C982343891,20351.75,16474.19,C178160697,2723.62,5641.2,0,0
310,CASH_OUT,1100.34,C747875139,16056.72,14956.38,C107154715,3693.03,4775.0,0,0
210,CASH_OUT,4453.24,C896362832,847205.98,842752.74,C154541476,38093.22,42479.56,0,0
37,PAYMENT,14932.07,C586341088,52401.41,37469.34,C757147151,55416.92,66537.89,0,0
6,CASH_OUT,5880.6,C145861322,2637.05,0.0,C863010374,1690.61,7164.48,0,0
278,CASH_OUT,636.31,C936789849,23279.61,22643.3,C989372908,1288.5,1815.95,0,0
688,TRANSFER,48065.33,C381083698,4074.06,0.0,C434116476,965.42,41708.7,0,0
390,CASH_IN,58.57,C485350472,26091.79,26033.22,C377156259,21882.91,21932.67,0,0
664,CASH_OUT,3628.38,C686457268,1698.02,0.0,C645249658,922.37,4516.32,0,0
76,CASH_IN,2653.52,C707276321,2535.97,0.0,C918097135,21411.56,23416.02,0,0
70,CASH_OUT,10580.01,C868972892,22378.62,11798.61,C824228044,13124.59,22984.3,0,0
620,CASH_IN,22269.9,C832301268,59665.17,37395.27,C316226794,1842.42,17469.26,0,0
80,PAYMENT,61585.19,C618327348,28394.95,0.0,C347409301,82038.73,136762.28,0,0
39,CASH_IN,2247.72,C169712689,48106.66,45858.94,C325631286,353.52,2367.04,0,0
301,PAYMENT,23291.6,C860990178,23405.54,113.94,C417910982,97456.23,119026.86,0,0
688,CASH_OUT,11527.3,C171541897,17304.89,5777.59,C646460212,8725.41,19996.67,0,0
513,CASH_OUT,372.12,C274394324,6275.82,5903.7,C765622194,117.66,462.3,0,0
74,CASH_OUT,247947.54,C356657299,45229.41,0.0,C945891838,86282.61,314305.88,0,0
622,PAYMENT,608.02,C266484785,62150.79,61542.77,C732629950,28282.05,28753.96,0,0
627,CASH_OUT,17241.85,C751367224,12152.94,0.0,C265694741,2273.83,19478.64,0,0
595,CASH_OUT,16349.1,C496339121,11210.55,0.0,C439079196,865.67,14607.46,0,0
671,PAYMENT,13308.34,C297394762,145380.35,132072.01,C819687656,291.69,11274.2,0,0
179,DEBIT,3326.78,C104276390,12956.69,9629.91,C453065186,379953.1,382782.74,0,0
728,CASH_IN,35920.19,C723567659,14965.89,0.0,C258599948,932.54,30323.05,0,0
239,PAYMENT,488.5,C814864039,27621.2,27132.7,C104457595,505.5,934.45,0,0
596,CASH_OUT,7197.64,C366448354,11536.72,4339.08,C169271351,7960.56,13753.85,0,0
431,CASH_IN,2936.65,C165919595,3902.96,966.31,C673183819,257.7,2524.75,0,0
580,CASH_OUT,2394.34,C601569411,23551.58,21157.24,C630779714,839.84,3182.46,0,0
467,CASH_IN,17531.35,C804606866,12605.24,0.0,C678992017,29464.59,46616.36,0,0
478,CASH_OUT,56356.98,C163003204,211795.11,155438.13,C121840289,11334.19,59174.14,0,0
458,PAYMENT,4368.35,C815987496,43593.91,39225.56,C493271451,2451.69,6770.43,0,0
579,CASH_IN,33031.8,C253579923,5468.59,0.0,C402863667,5079.42,32321.25,0,0
550,PAYMENT,8862.05,C332114929,39878.41,31016.36,C659988262,2216.21,9449.54,0,0
100,PAYMENT,1624.71,C660573252,21200.9,19576.19,C348150727,4395.8,5980.01,0,0
614,PAYMENT,5093.33,C146235759,95238.49,90145.16,C693561160,1247.3,5779.73,0,0
399,PAYMENT,4726.43,C375096364,6083.4,1356.97,C360245959,1729.47,6119.17,0,0
241,PAYMENT,2312.33,C224998144,17730.01,15417.68,C559382724,1637.26,3542.21,0,0
383,TRANSFER,17522.99,C293249748,11514.47,0.0,C513187884,1330.69,15736.35,0,0
719,CASH_OUT,12361.76,C796061032,14584.57,2222.81,C445373241,32178.05,41140.22,0,0
638,CASH_IN,462.59,C305961850,3541.13,3078.54,C213433895,19657.44,20115.41,0,0
620,CASH_OUT,414.57,C139149503,31693.52,31278.95,C618577825,917.59,1236.14,0,0
344,CASH_OUT,17403.59,C293337428,25007.88,7604.29,C679047177,572.54,15335.66,0,0
583,CASH_IN,1867.74,C178079066,91842.96,89975.22,C771218253,3703.01,5074.65,0,0
287,PAYMENT,13956.13,C660565854,13160.32,0.0,C823133841,237879.06,250357.04,0,0
510,CASH_IN,33046.7,C975556693,7202.91,0.0,C134388408,772.89,27780.72,0,0
476,PAYMENT,822.45,C250922092,43649.26,42826.81,C813475745,3676.79,4441.91,0,0
186,CASH_OUT,638.57,C755972785,4059.01,3420.44,C318219200,5765.79,6314.01,0,0
198,CASH_IN,165045.59,C164642788,68014.54,0.0,C698320688,4041.79,125984.7,0,0
46,CASH_IN,15257.51,C288910265,67796.31,52538.8,C985472484,2154.3,12883.72,0,0
104,CASH_OUT,3809.93,C562303951,88072.74,84262.81,C904809324,39306.45,42216.23,0,0
323,CASH_OUT,1508.55,C637552783,23504.2,21995.65,C656740616,11136.97,12520.77,0,0
356,CASH_IN,3233.13,C325816281,6439.82,3206.69,C219921407,22526.54,25593.34,0,0
123,CASH_OUT,950.48,C763611666,15737.18,14786.7,C315920996,14198.39,14961.06,0,0
310,CASH_IN,39741.13,C939443385,23626.01,0.0,C923692036,24565.71,58773.98,0,0
449,CASH_OUT,2001.89,C472491323,5766.31,3764.42,C902568071,85129.64,86675.11,0,0
173,CASH_OUT,58009.51,C893254874,98683.64,40674.13,C445788126,53953.57,109882.45,0,0
252,CASH_OUT,3939.73,C358267542,31892.5,27952.77,C388834461,322754.46,326653.07,0,0
274,CASH_OUT,1238.89,C502853748,3504.02,2265.13,C825407636,43967.87,45114.94,0,0
376,CASH_IN,3761.82,C913893565,225102.36,221340.54,C118165976,1472.91,4206.5,0,0
273,CASH_IN,71.99,C689760653,15461.12,15389.13,C907733816,22587.72,22647.55,0,0
548,CASH_IN,6519.91,C724723375,2588.53,0.0,C643578351,17655.16,24156.5,0,0
244,PAYMENT,5965.72,C652551276,3845.35,0.0,C669432960,155831.54,160418.08,0,0
323,TRANSFER,35758.27,C355264782,124452.0,88693.73,C981373332,861.88,33085.14,0,0
282,PAYMENT,271.69,C898061186,206380.61,206108.92,C873659962,13417.46,13684.14,0,0
136,CASH_OUT,65601.87,C130666540,60732.09,0.0,C168841391,1442.41,62580.8,0,0
510,CASH_OUT,35492.57,C152686257,96660.78,61168.21,C555871769,12364.46,43692.26,0,0
175,CASH_OUT,77163.24,C641617346,82861.28,5698.04,C894271380,3339.1,69083.07,0,0
221,PAYMENT,7369.47,C853911560,30803.21,23433.74,C543098504,11649.79,18861.88,0,0
590,PAYMENT,50262.49,C832814600,21885.13,0.0,C118697406,388.15,41523.98,0,0
706,PAYMENT,573.5,C710077927,30025.27,29451.77,C763002702,20492.37,21048.88,0,0
499,PAYMENT,29245.64,C438665609,40296.63,11050.99,C937826304,7121.74,31375.61,0,0
681,CASH_OUT,2022.13,C423993515,4392.28,2370.15,C362749156,6463.64,8338.08,0,0
635,PAYMENT,414.67,C483088814,40052.17,39637.5,C941865872,164458.07,164862.25,0,0
358,PAYMENT,1071.21,C330716208,119124.6,118053.39,C507375822,2468.9,3395.7,0,0
573,CASH_OUT,8184.16,C477226523,9802.98,1618.82,C152842409,9100.44,15590.18,0,0
244,PAYMENT,1837.68,C194325309,8350.93,6513.25,C577904888,5886.91,7201.4,0,0
343,CASH_IN,15945.51,C387883099,27304.85,11359.34,C976347326,7019.66,22052.74,0,0
398,TRANSFER,312.68,C736237715,5041.78,4729.1,C325073221,268135.31,268412.53,0,0
714,PAYMENT,176.13,C227720892,1853.39,1677.26,C964570591,5512.94,5650.13,0,0
631,CASH_IN,95826.77,C357648229,74725.64,0.0,C686764398,1770.29,94072.89,0,0
364,PAYMENT,41226.65,C353505275,6792.49,0.0,C456469934,142575.22,182816.17,0,0
485,CASH_IN,1225.7,C721996461,13734.59,12508.89,C724097996,2824.71,4008.92,0,0
151,PAYMENT,8059.45,C905508947,5349.79,0.0,C460680425,273.33,7369.32,0,0
598,PAYMENT,50772.63,C739137193,90683.64,39911.01,C176553531,1295.28,51711.21,0,0
411,PAYMENT,17232.65,C228600268,48038.8,30806.15,C883686768,521.2,17106.62,0,0
396,PAYMENT,10580.86,C832718044,9310.43,0.0,C609187319,192.49,7930.04,0,0
570,CASH_IN,58178.86,C709863158,2275.95,0.0,C769939570,2556.96,60406.05,0,0
471,CASH_OUT,2174.86,C619472723,7939.5,5764.64,C174613970,4331.25,6211.73,0,0
54,CASH_OUT,8570.84,C863611010,31420.92,22850.08,C749473803,41148.81,49514.04,0,0
215,CASH_IN,7846.89,C832432800,17728.94,9882.05,C428718949,15258.97,22541.69,0,0
132,CASH_OUT,4959.34,C178556850,15735.07,10775.73,C590143009,14057.37,18492.36,0,0
547,CASH_OUT,4017.24,C455596541,18353.0,14335.76,C799907301,984.59,4190.35,0,0
27,CASH_OUT,9238.76,C673291343,41697.41,32458.65,C268790682,24170.3,30712.35,0,0
151,CASH_OUT,8620.8,C287562617,12546.68,3925.88,C196880403,60127.29,66877.56,0,0
444,PAYMENT,1227.62,C235021417,26239.47,25011.85,C469857791,9998.87,11110.78,0,0
517,CASH_OUT,34311.39,C541838380,3040.03,0.0,C206390140,10514.72,43417.09,0,0
374,PAYMENT,1397.59,C742691482,615860.75,614463.16,C318451742,504.49,1483.79,0,0
640,CASH_OUT,5470.8,C112697883,8727.3,3256.5,C691740370,32793.46,36964.35,0,0
683,CASH_OUT,4762.34,C323184740,18131.2,13368.86,C836886667,121236.08,125531.33,0,0
99,CASH_OUT,15437.99,C801936334,31247.61,15809.62,C724000480,8789.51,20909.73,0,0
708,CASH_OUT,178.68,C713781116,7214.26,7035.58,C385948386,1686.07,1818.74,0,0
457,CASH_OUT,40281.1,C833292959,13517.46,0.0,C833074169,3671.7,32858.61,0,0
473,CASH_OUT,2395.67,C854994485,13273.34,10877.67,C262933189,2305.94,4441.35,0,0
71,CASH_IN,72833.69,C559581225,3391.21,0.0,C780621975,2568.79,66550.12,0,0
463,CASH_OUT,3426.53,C962517531,25793.66,22367.13,C565094493,15777.96,19059.15,0,0
540,CASH_OUT,7421.09,C474347285,1125.71,0.0,C433526653,8127.72,14023.41,0,0
432,CASH_OUT,253930.24,C499616216,185176.12,0.0,C694748167,29944.05,218110.32,0,0
63,PAYMENT,4918.66,C717088298,43890.64,38971.98,C752281581,9581.84,14204.13,0,0
389,CASH_OUT,75352.3,C458513387,34845.65,0.0,C301329616,1037.58,76122.81,0,0
696,TRANSFER,8693.07,C232390177,987.36,0.0,C205546757,1995.71,9020.73,0,0
538,PAYMENT,17115.74,C507634039,4069.22,0.0,C146379341,1784.49,18208.84,0,0
103,TRANSFER,9190.5,C934244915,107368.02,98177.52,C674600521,3513.45,12049.25,0,0
714,PAYMENT,37277.04,C459203991,6762222.02,6724944.98,C495832393,124303.9,160592.19,0,0
713,CASH_IN,2359.12,C975552353,80180.75,77821.63,C293004560,165846.72,167798.45,0,0
126,CASH_OUT,1378.45,C642613418,63285.73,61907.28,C638729636,22156.41,23163.22,0,0
596,CASH_IN,2567.18,C791485511,29362.14,26794.96,C708476886,6086.17,7974.35,0,0
303,PAYMENT,9696.1,C779980812,3747.16,0.0,C912648613,423.7,9430.98,0,0
442,DEBIT,5445.4,C281789946,59442.29,53996.89,C313118993,7302.81,12524.95,0,0
331,CASH_OUT,29100.04,C833937293,2561.09,0.0,C208751163,1185.58,25545.37,0,0
582,PAYMENT,84839.55,C950458722,2173.56,0.0,C360796913,92497.73,153401.61,0,0
741,CASH_IN,1398.97,C952427319,1977.73,578.76,C131639780,272.87,1280.14,0,0
591,CASH_OUT,2162.22,C861478475,57732.99,55570.77,C863548682,9818.97,11720.82,0,0
693,PAYMENT,610.8,C699518227,12257.32,11646.52,C140458124,1018.79,1614.68,0,0
703,CASH_IN,313223.22,C529485821,15541.78,0.0,C591625341,4831.31,261635.21,0,0
67,DEBIT,14022.31,C871552239,13054.58,0.0,C272427611,16300.04,28852.61,0,0
189,PAYMENT,19218.8,C266947574,2468.65,0.0,C290986147,30931.91,47510.09,0,0
537,CASH_IN,726.05,C834153735,4884.9,4158.85,C823398294,4406.15,5108.19,0,0
439,CASH_OUT,8086.04,C949714250,5267.76,0.0,C115884886,19345.01,27024.45,0,0
38,CASH_OUT,20264.92,C340406002,1623.1,0.0,C358069532,1491.52,16888.9,0,0
71,PAYMENT,5141.17,C184542756,6270.96,1129.79,C949201362,7646.24,12290.07,0,0
387,CASH_IN,56177.42,C400024238,2638.7,0.0,C152350201,29850.99,83458.35,0,0
458,PAYMENT,519850.23,C877567326,31777.49,0.0,C260651282,8935.43,517907.7,0,0
125,PAYMENT,1473.34,C207426354,36006.57,34533.23,C463292893,1895.39,3187.48,0,0
128,CASH_IN,1287.22,C405196346,1918.97,631.75,C143719063,2974.18,3943.16,0,0
97,CASH_OUT,1669.1,C408460668,8561.69,6892.59,C586174558,30582.43,32030.32,0,0
420,DEBIT,145970.3,C221793078,216228.25,70257.95,C646787598,688.61,132024.76,0,0
6,PAYMENT,52904.28,C544729757,3068.23,0.0,C259292267,898.06,42255.81,0,0
426,CASH_OUT,6348.98,C279377101,25335.37,18986.39,C719581838,14513.87,20811.43,0,0
354,CASH_IN,8654.26,C697981892,15650.89,6996.63,C151066927,2229.52,8882.9,0,0
347,CASH_IN,1863.52,C956865141,68825.62,66962.1,C758203794,359.42,2173.38,0,0
505,TRANSFER,40217.15,C996848507,20810.24,0.0,C333240999,55908.61,89190.48,0,0
389,CASH_OUT,4089.49,C134648282,6995.74,2906.25,C301909058,679.07,3542.39,0,0
541,PAYMENT,5073.89,C907957662,14766.94,9693.05,C276751741,3432.44,7811.14,0,0
568,CASH_OUT,24241.51,C350252621,15094.04,0.0,C881650145,1611.41,23149.65,0,0
684,PAYMENT,5776.82,C123379803,11642.96,5866.14,C551894414,2876.04,8426.46,0,0
594,CASH_IN,5308.48,C821083078,1847.03,0.0,C721259350,999.93,5576.74,0,0
385,CASH_IN,8258.81,C118564828,86217.88,77959.07,C150985197,17777.74,23792.13,0,0
366,PAYMENT,33915.92,C732139893,66148.03,32232.11,C134369195,5999.81,39171.07,0,0
176,TRANSFER,156950.78,C470693513,2789.78,0.0,C496690037,28870.53,165355.94,0,0
446,CASH_OUT,23245.69,C833808456,8509.27,0.0,C393802957,1641.72,19807.28,0,0
104,CASH_OUT,34405.29,C856075935,9531.63,0.0,C790980843,228533.75,261895.1,0,0
692,CASH_OUT,5654.82,C233444350,2357.18,0.0,C809566958,159.43,4322.93,0,0
628,CASH_OUT,2266.44,C629112977,812.25,0.0,C379804533,283.37,1936.16,0,0
89,CASH_IN,26296.08,C379139109,4885.91,0.0,C490204402,115329.98,137957.83,0,0
584,PAYMENT,11028.45,C969335012,7827.48,0.0,C443402896,11536.54,21323.91,0,0
88,CASH_OUT,625.95,C601197437,1537.86,911.91,C707575407,9086.04,9620.16,0,0
536,PAYMENT,4489.4,C747740752,17421.61,12932.21,C666643444,10681.79,15075.56,0,0
66,CASH_IN,6979.87,C177569606,76441.76,69461.89,C685969987,13741.46,19177.71,0,0
363,CASH_IN,3233.03,C709187838,47248.41,44015.38,C149932791,8430.25,11653.81,0,0
489,PAYMENT,116672.26,C190970257,11047.63,0.0,C404146256,863.83,83211.67,0,0
542,CASH_OUT,19220.07,C425279613,845.04,0.0,C970241536,21434.21,35571.73,0,0
312,PAYMENT,95962.7,C300230559,39087.32,0.0,C407629506,16142.66,88661.95,0,0
685,CASH_IN,13019.0,C102032720,16640.39,3621.39,C257032909,64291.07,73715.17,0,0
576,TRANSFER,9381.53,C627659083,25248.62,15867.09,C279650756,117669.36,125469.78,0,0
155,PAYMENT,1501.36,C316848406,243812.36,242311.0,C124004799,8909.35,10350.07,0,0
499,PAYMENT,8278.96,C561322484,3876.87,0.0,C802720473,539.38,8373.16,0,0
543,CASH_IN,8295.74,C260342071,179.07,0.0,C104790683,119436.64,127097.15,0,0
248,CASH_OUT,691.73,C738884128,2751.27,2059.54,C459598937,786.29,1272.04,0,0
549,CASH_OUT,3068.21,C397919930,27696.67,24628.46,C185214706,9030.25,11974.85,0,0
668,CASH_OUT,4528.25,C619296137,13910.36,9382.11,C895828028,3096.04,6804.45,0,0
608,CASH_OUT,17056.1,C663024676,2157.16,0.0,C942989082,2263.97,17946.91,0,0
567,CASH_IN,18590.95,C689856295,1588.31,0.0,C920841218,19452.68,36520.58,0,0
472,CASH_OUT,2845.88,C275758731,7848.57,5002.69,C730585065,7631.41,9775.09,0,0
202,CASH_OUT,18844.29,C621652296,2060.82,0.0,C580404087,12379.96,28484.64,0,0
591,CASH_OUT,5838.67,C337264947,29171.58,23332.91,C727298627,1132.03,6841.4,0,0
271,CASH_IN,46.28,C349228218,7207.37,7161.09,C503871610,3592.72,3628.77,0,0
396,CASH_OUT,3386.45,C952667284,5215.15,1828.7,C263187797,1230.08,4327.02,0,0
234,PAYMENT,56510.38,C190829437,4283.76,0.0,C447274878,3434.65,59233.86,0,0
233,CASH_OUT,392.58,C471862515,19824.7,19432.12,C520217321,3968.84,4286.12,0,0
118,CASH_OUT,9925.32,C495366878,14241.48,4316.16,C862721805,135909.91,144011.85,0,0
715,CASH_OUT,140571.31,C320488834,18086.77,0.0,C918569130,3081.28,120566.39,0,0
110,PAYMENT,2060.9,C806827353,17504.17,15443.27,C477984190,107.12,2049.95,0,0
65,CASH_OUT,8134.49,C538397421,11988.54,3854.05,C546558482,60546.37,67312.52,0,0
696,DEBIT,774.93,C747464923,2836.44,2061.51,C856874048,11033.23,11688.72,0,0
413,TRANSFER,151602.32,C448314291,4466.81,0.0,C509560687,3882.29,120115.07,0,0
326,CASH_OUT,6974.4,C907094613,7390.77,416.37,C719324751,2237.27,9187.28,0,0
548,PAYMENT,8812.52,C756576133,295904.74,287092.22,C563650738,893.85,9421.78,0,0
285,PAYMENT,92757.22,C399868961,1766.48,0.0,C344017555,160891.67,242525.1,0,0
96,CASH_IN,26653.11,C965904495,7126.21,0.0,C814739066,5395.5,31733.25,0,0
543,CASH_OUT,1675.5,C878551697,15481.49,13805.99,C273444625,215.3,1733.47,0,0
131,PAYMENT,2527.28,C632563681,8476.06,5948.78,C302023977,8865.58,11361.85,0,0
411,TRANSFER,19749.36,C632032468,66900.0,47150.64,C722250741,43092.71,57874.33,0,0
706,CASH_OUT,2634.85,C721759889,8410.64,5775.79,C738910610,6513.18,8535.79,0,0
696,CASH_IN,179.28,C428350472,9397.4,9218.12,C959020054,969.84,1142.94,0,0
269,CASH_OUT,7362.59,C229505099,45339.9,37977.31,C739692766,825.56,6906.78,0,0
580,CASH_IN,564.32,C608167838,202008.99,201444.67,C122234049,942.77,1400.63,0,0
456,PAYMENT,148643.66,C821361286,110331.81,0.0,C107815238,76037.69,213726.4,0,0
357,CASH_OUT,11139.11,C387395979,10883.67,0.0,C621142053,4319.97,14223.73,0,0
104,PAYMENT,1588.72,C510679478,12403.43,10814.71,C253355988,239.44,1515.53,0,0
280,PAYMENT,2304.14,C100982866,14329.55,12025.41,C523942166,9812.78,11700.7,0,0
485,PAYMENT,270.18,C733470387,16655.56,16385.38,C166796777,6335.13,6557.36,0,0
734,PAYMENT,1119.87,C879486555,3748.0,2628.13,C865486348,2190.73,3017.08,0,0
4,PAYMENT,50482.49,C486499676,54441.97,3959.48,C559314282,783.11,39597.39,0,0
534,PAYMENT,450095.5,C140590787,18213.42,0.0,C968605175,724.14,388372.98,0,0
629,PAYMENT,29956.86,C542879636,12490.4,0.0,C518369169,34750.21,62746.34,0,0
707,CASH_IN,6865.91,C946381268,1984.82,0.0,C831105640,7673.46,13342.74,0,0
315,CASH_OUT,3723.7,C175150823,14668.08,10944.38,C290920577,11632.5,14667.34,0,0
89,CASH_IN,1448.53,C292535423,780.69,0.0,C918064971,7635.52,8932.18,0,0
202,PAYMENT,330241.21,C611381201,5583.25,0.0,C675499558,8864.76,255613.12,0,0
632,PAYMENT,5768.99,C253303363,5740.8,0.0,C289062232,2115.17,6812.43,0,0
653,CASH_OUT,365175.63,C121834383,20547.46,0.0,C597778681,3393.13,281817.96,0,0
474,CASH_IN,99542.02,C469559042,224083.73,124541.71,C985356271,40008.26,129147.53,0,0
92,CASH_OUT,353.03,C635427593,31503.73,31150.7,C534604368,62709.13,62968.15,0,0
91,PAYMENT,2443.74,C856238992,117313.26,114869.52,C450837683,544.7,2583.63,0,0
356,CASH_IN,2430.18,C895410593,35165.41,32735.23,C440624970,3378.32,5514.09,0,0
438,CASH_IN,7018.3,C480234371,72227.8,65209.5,C132526303,22263.72,28931.83,0,0
25,PAYMENT,7269.44,C938037101,216574.75,209305.31,C776269541,145472.67,152141.4,0,0
510,PAYMENT,1781970.57,C799194848,4457.06,0.0,C328676120,121482.71,1872908.41,0,0
405,CASH_IN,1165.6,C288382872,4041.39,2875.79,C470159678,1173.37,2227.03,0,0
10,CASH_OUT,12236.1,C713144878,36432.49,24196.39,C728372313,48780.36,58627.45,0,0
72,TRANSFER,24580.63,C743709546,13286.22,0.0,C646752856,5461.86,24377.08,0,0
338,PAYMENT,8080.19,C367159239,18592.82,10512.63,C424352120,32207.35,38000.64,0,0
537,PAYMENT,9880.57,C594652273,9200.38,0.0,C242469025,20310.67,28049.89,0,0
614,CASH_OUT,1235.64,C544355527,5462.23,4226.59,C525376164,505.15,1420.83,0,0
321,CASH_OUT,9815.08,C722965508,151925.72,142110.64,C195190960,13226.18,21183.93,0,0
220,CASH_IN,20343.53,C453903993,2566.27,0.0,C578454208,30039.06,48567.41,0,0
720,PAYMENT,14613.21,C446077829,37406.07,22792.86,C185548040,4739.66,18002.76,0,0
341,CASH_IN,22614.84,C776203605,29329.3,6714.46,C947407188,3154.64,21143.61,0,0
235,CASH_IN,103021.63,C957044912,1250.73,0.0,C693220089,290.33,88123.04,0,0
329,PAYMENT,43762.82,C917986650,3842.31,0.0,C651359330,16823.16,50303.09,0,0
9,TRANSFER,9212.63,C777482253,4944.17,0.0,C414988770,7156.29,14995.25,0,0
225,PAYMENT,983.22,C732750010,31159.55,30176.33,C566668904,934.55,1773.26,0,0
384,CASH_OUT,2751.74,C791855958,7703.63,4951.89,C250609160,2733.91,4908.86,0,0
683,CASH_OUT,5457.05,C109575457,11750.08,6293.03,C550293803,6490.57,10735.28,0,0
549,CASH_OUT,12761.94,C629787386,1500.46,0.0,C196100698,1798.05,14481.79,0,0
581,CASH_OUT,3425.49,C130630160,437515.57,434090.08,C237823167,4938.51,7888.33,0,0
405,CASH_OUT,1503.69,C619423696,14865.43,13361.74,C625607774,210.63,1516.77,0,0
83,CASH_OUT,954.55,C455249524,28240.19,27285.64,C364227497,55768.2,56438.62,0,0
291,DEBIT,414.83,C374164649,5937.61,5522.78,C153943998,5057.55,5370.56,0,0
741,PAYMENT,5308.63,C738664741,5019.37,0.0,C481163216,679.37,4963.36,0,0
33,TRANSFER,575.13,C610674204,235396.59,234821.46,C933272612,58.7,627.96,0,0
654,CASH_IN,1338.16,C893757269,753.64,0.0,C737263458,31333.49,32340.55,0,0
509,CASH_OUT,3987.73,C681684603,20291.77,16304.04,C152224798,13420.85,16575.09,0,0
211,CASH_IN,731.68,C240619161,2170.57,1438.89,C944097635,7181.29,7910.81,0,0
579,CASH_OUT,16051.44,C309735298,7277.18,0.0,C481177175,23261.77,36814.52,0,0
622,CASH_OUT,30711.78,C266640544,5129.99,0.0,C618216777,23146.92,47578.83,0,0
33,CASH_IN,3014.02,C589698203,3044.32,30.3,C100513950,6974.31,9657.72,0,0
80,PAYMENT,3689.89,C496561425,14089.18,10399.29,C379076945,3110.11,6242.42,0,0
495,CASH_OUT,21319.42,C945426983,283.71,0.0,C807535394,2319.59,23366.86,0,0
743,PAYMENT,2241.29,C436218285,8322.91,6081.62,C397616785,10484.94,12109.78,0,0
18,CASH_IN,1980.45,C240936444,11667.53,9687.08,C249553169,60758.15,62614.16,0,0
495,CASH_IN,69821.5,C132863353,1739.03,0.0,C181594912,4083.76,58804.68,0,0
102,CASH_OUT,39796.65,C214747381,129291.92,89495.27,C831573020,70098.69,107587.17,0,0
484,CASH_IN,23927.65,C500606888,5477.0,0.0,C139579972,9620.72,32455.26,0,0
464,CASH_OUT,42879.98,C868805187,9356.0,0.0,C838708600,9752.16,50692.54,0,0
68,TRANSFER,230.65,C213050052,5495.43,5264.78,C423929254,372949.03,373170.46,0,0
506,CASH_IN,92679.63,C336096198,11821.21,0.0,C690974031,96261.22,181103.7,0,0
667,CASH_IN,16411.08,C982386021,95055.49,78644.41,C324762146,100860.8,113049.66,0,0
642,DEBIT,49981.41,C125707751,545535.8,495554.39,C743054455,1169.46,36934.7,0,0
22,CASH_OUT,16266.96,C481873930,40882.56,24615.6,C419660492,254213.18,267263.02,0,0
183,DEBIT,8849.04,C278412534,68322.24,59473.2,C421910139,4238.69,11747.29,0,0
179,CASH_OUT,4936.66,C976288263,175367.88,170431.22,C845562594,3263.37,7167.21,0,0
337,PAYMENT,15691.27,C304379002,19405.4,3714.13,C706442388,100.82,14578.56,0,0
107,CASH_IN,4623.25,C818644104,140839.51,136216.26,C875760893,8842.49,13080.78,0,0
635,CASH_OUT,38645.17,C986224541,43853.14,5207.97,C571534833,699.22,39018.9,0,0
578,PAYMENT,466.09,C186882445,16580.47,16114.38,C257756841,10248.2,10630.47,0,0
601,PAYMENT,3056.92,C539818436,22595.62,19538.7,C351559808,607.4,3467.82,0,0
148,CASH_OUT,321477.18,C777339108,869.46,0.0,C418103235,124973.84,421491.53,0,0
11,CASH_OUT,2625.57,C825498300,20706.0,18080.43,C313742245,13264.32,15881.03,0,0
677,CASH_IN,5273.08,C566559390,1318.67,0.0,C210378562,297678.35,302593.31,0,0
215,CASH_IN,1654.67,C980609347,1166.89,0.0,C960378754,779.43,2078.47,0,0
488,CASH_IN,14831.7,C671624099,17842.13,3010.43,C681804448,79899.32,90349.46,0,0
676,PAYMENT,2153.23,C990160761,2512.12,358.89,C487612257,191.54,2324.21,0,0
27,CASH_OUT,5801.67,C643121209,13217.93,7416.26,C411283920,7147.63,12455.12,0,0
5,PAYMENT,37345.2,C289443780,16442.94,0.0,C302845640,1576.68,36822.41,0,0
5,CASH_IN,2303.59,C723359723,17581.01,15277.42,C639823257,2194.43,4355.14,0,0
117,PAYMENT,33506.68,C653737678,3442.03,0.0,C317085223,1939.73,32790.28,0,0
39,PAYMENT,35596.86,C379643240,51432.4,15835.54,C773486137,947.2,33890.04,0,0
610,CASH_IN,54117.94,C169217497,11686.0,0.0,C609565740,509.06,53481.73,0,0
451,CASH_IN,10435.55,C683387230,25890.04,15454.49,C796385033,2216.38,12383.04,0,0
729,CASH_IN,2769746.45,C796264823,2220.17,0.0,C792787065,6056.28,2259987.37,0,0
596,PAYMENT,54076.81,C213328631,10224.16,0.0,C135276301,39920.68,78276.74,0,0
716,CASH_OUT,14541.76,C584871782,69282.09,54740.33,C923617404,8363.49,18711.47,0,0
178,CASH_OUT,1674.61,C836795371,57254.78,55580.17,C239884322,40125.7,41522.31,0,0
214,CASH_OUT,6804.19,C902120994,4040.25,0.0,C777775622,343.53,6810.87,0,0
632,PAYMENT,105597.35,C945617488,5893.84,0.0,C105547479,2254.44,103024.23,0,0
182,CASH_OUT,175810.56,C290762004,3031.98,0.0,C109526811,17673.27,162069.45,0,0
43,CASH_OUT,115959.05,C255688127,4990.95,0.0,C702594598,9115.61,100779.32,0,0
498,TRANSFER,33301.11,C618406997,1638.27,0.0,C907895989,1043.03,29414.92,0,0
596,CASH_IN,845.4,C516440951,10858.86,10013.46,C409083361,26405.41,27208.34,0,0
720,PAYMENT,19475.09,C191838698,34534.28,15059.19,C589501423,1888.82,19240.13,0,0
690,CASH_IN,867.38,C229272693,4115.11,3247.73,C940390541,1212.87,1856.42,0,0
90,CASH_OUT,556.99,C405226006,11662.0,11105.01,C842638115,11807.69,12258.11,0,0
574,PAYMENT,12462.58,C765540626,9597.45,0.0,C689959864,4969.65,15770.07,0,0
629,PAYMENT,20780.26,C338091875,65034.82,44254.56,C965166031,1917.46,19819.21,0,0
519,PAYMENT,41195.27,C991201300,5338.03,0.0,C817024251,1803.77,40905.92,0,0
610,CASH_OUT,19827.9,C496150119,5637.39,0.0,C474270758,716.49,20140.92,0,0
623,CASH_OUT,21096.34,C140142940,3755.47,0.0,C723638573,2410.65,17813.91,0,0
332,CASH_OUT,1376.95,C873071496,2425.36,1048.41,C396022568,35597.01,36653.57,0,0
30,CASH_OUT,6707.91,C500299880,29548.18,22840.27,C184182546,7632.65,13117.35,0,0
339,CASH_OUT,537.64,C169707319,10908.9,10371.26,C302935767,27597.19,28021.34,0,0
150,CASH_OUT,220.07,C850084033,14504.51,14284.44,C411410134,12443.12,12624.12,0,0
85,CASH_OUT,30734.99,C576097237,90396.58,59661.59,C281890094,1632.65,23522.61,0,0
93,CASH_OUT,2088.86,C414782403,98530.47,96441.61,C635551625,252.53,1756.1,0,0
519,CASH_OUT,38968.05,C302561849,1130.76,0.0,C741287405,926.73,38005.16,0,0
375,CASH_IN,59577.05,C938399193,35304.02,0.0,C901397115,1468.18,45005.57,0,0
402,PAYMENT,2657.73,C808987460,18741.03,16083.3,C551255320,1277.36,3794.82,0,0
554,PAYMENT,23448.46,C279144875,6684.95,0.0,C659217351,28733.99,47304.08,0,0
408,CASH_IN,2464.93,C761412035,21840.59,19375.66,C639245053,28199.49,30153.61,0,0
469,PAYMENT,292.19,C261713813,1002.67,710.48,C103066767,263387.96,263601.32,0,0
64,PAYMENT,10116.84,C507958480,119846.08,109729.24,C737688222,1243.02,8365.06,0,0
633,CASH_OUT,3471.79,C773842679,28923.69,25451.9,C592685377,87151.82,89952.12,0,0
334,CASH_IN,3669.61,C132734965,3648.98,0.0,C999820314,86187.55,89675.91,0,0
116,CASH_IN,283684.39,C753147525,5551.84,0.0,C808924102,3235.46,280107.63,0,0
605,CASH_IN,519.81,C729263593,1038.24,518.43,C555830176,11526.45,11899.92,0,0
546,PAYMENT,16141.81,C549251198,8342.05,0.0,C386980620,45858.68,57307.62,0,0
40,TRANSFER,1352.01,C123514404,6476.28,5124.27,C853489456,4420.18,5431.0,0,0
144,CASH_IN,41559.05,C785699425,1830.48,0.0,C431208424,3844.87,42490.09,0,0
12,PAYMENT,13865.74,C333963717,42832.54,28966.8,C196908717,1588.89,12147.16,0,0
202,CASH_IN,16039.66,C957087545,90689.4,74649.74,C624011687,70.24,12408.64,0,0
75,DEBIT,1479.11,C855905659,12822.53,11343.42,C940663050,5579.47,7009.3,0,0
528,PAYMENT,2042.52,C273551121,8446.69,6404.17,C901119256,1369.55,3335.44,0,0
389,CASH_OUT,43004.11,C640772309,25654.57,0.0,C306156422,709.37,39459.8,0,0
729,CASH_IN,196307.17,C641975428,12971.91,0.0,C997297764,10508.56,157582.7,0,0
557,DEBIT,19236.29,C601302808,2635.24,0.0,C394151207,360.55,16025.52,0,0
455,TRANSFER,1611.05,C366324944,5018.99,3407.94,C512551083,20972.01,22213.89,0,0
379,CASH_OUT,14914.5,C686262679,8564.2,0.0,C374897600,11736.73,25182.95,0,0
41,CASH_IN,640144.8,C334155779,19385.49,0.0,C454006528,2391.44,600273.44,0,0
53,CASH_IN,9743.55,C249316266,13548.15,3804.6,C607837340,4385.42,11621.37,0,0
458,CASH_OUT,112568.09,C754979750,18316.44,0.0,C363210976,576.86,109698.87,0,0
4,DEBIT,2137.53,C936438372,1356.63,0.0,C471584633,18969.91,20762.97,0,0
32,PAYMENT,7511.91,C214179505,36236.66,28724.75,C417384605,6886.07,13936.01,0,0
163,PAYMENT,24716.28,C943936247,13428.36,0.0,C197163356,7874.07,25558.35,0,0
657,PAYMENT,16567.38,C302590644,614806.94,598239.56,C808026031,12129.58,25518.91,0,0
341,PAYMENT,2039.58,C624133136,7469.24,5429.66,C902158499,1546.35,2983.1,0,0
528,CASH_OUT,1887.24,C818060178,21702.61,19815.37,C678750259,319.16,2047.01,0,0
306,CASH_OUT,47997.87,C314038441,930827.02,882829.15,C580672009,27533.9,62276.45,0,0
129,CASH_OUT,69202.44,C457425501,17874.63,0.0,C596099255,16978.33,72443.1,0,0
276,CASH_OUT,123236.24,C401849994,12070.92,0.0,C635324406,1874.98,117042.28,0,0
69,PAYMENT,208370.88,C752864059,3040.01,0.0,C189473717,10264.0,202942.46,0,0
573,PAYMENT,10324.91,C433835804,132243.41,121918.5,C186141094,47304.1,56514.82,0,0
137,TRANSFER,4627.82,C438645386,2348.07,0.0,C239171301,38164.52,42367.53,0,0
280,CASH_OUT,92206.3,C950056051,25353.74,0.0,C974520739,1778.98,84337.68,0,0
729,CASH_OUT,29246.78,C936424777,6566.05,0.0,C757022780,337.05,26436.37,0,0
440,CASH_OUT,1382.41,C739449546,10056.71,8674.3,C698061105,458.98,1571.68,0,0
341,CASH_IN,1260.74,C896685330,1578.3,317.56,C728968441,2804.25,3697.42,0,0
404,CASH_OUT,19642.96,C275837497,100176.69,80533.73,C130208659,68334.55,84688.25,0,0
583,CASH_OUT,5889.38,C944365255,8807.02,2917.64,C814779298,1324.51,5527.39,0,0
190,CASH_IN,7726.61,C949817337,2158.92,0.0,C516489508,1680.1,8175.55,0,0
473,PAYMENT,55857.55,C136691530,87468.67,31611.12,C557688528,1618.99,48495.97,0,0
649,CASH_IN,31769.65,C420555494,6271.65,0.0,C775223103,1887.27,25829.4,0,0
426,CASH_IN,88767.14,C477437281,22068.6,0.0,C167679614,4816.45,87838.45,0,0
332,PAYMENT,250.44,C800562703,47198.84,46948.4,C463252126,490.74,718.96,0,0
108,CASH_IN,12786.13,C728662930,27202.16,14416.03,C549416625,34608.27,45704.86,0,0
185,PAYMENT,28294.97,C291595143,495.24,0.0,C166815981,3786.97,31453.02,0,0
703,PAYMENT,519.13,C647906580,37912.46,37393.33,C284427820,426105.49,426513.61,0,0
403,CASH_IN,2492.86,C977164821,11488.24,8995.38,C321736367,594.41,2535.37,0,0
224,PAYMENT,1784.92,C935392018,8155.57,6370.65,C889932044,85970.47,87318.14,0,0
311,PAYMENT,8425.83,C932464793,11343.36,2917.53,C362241872,60139.47,67413.76,0,0
430,PAYMENT,151772.37,C912545476,1193.86,0.0,C356100971,2342.49,117933.41,0,0
400,PAYMENT,308865.42,C115006769,17823.2,0.0,C109556749,2413.64,299130.97,0,0
520,PAYMENT,1871.1,C820255254,1725.74,0.0,C345496223,936.05,2416.64,0,0
192,DEBIT,20906.24,C270182426,8701.41,0.0,C751367349,955.58,18669.0,0,0
483,CASH_OUT,22155.39,C841833108,16888.64,0.0,C790710199,4909.41,23937.64,0,0
329,PAYMENT,16280.55,C827214100,66906.78,50626.23,C735506803,5101.31,18000.29,0,0
699,TRANSFER,16616.7,C332567567,3907.22,0.0,C656819267,274.72,15587.44,0,0
118,DEBIT,13998.93,C477463014,117875.12,103876.19,C912831116,305073.98,317779.72,0,0
111,PAYMENT,168995.31,C372678443,55286.27,0.0,C824180005,3080.57,159949.34,0,0
344,CASH_OUT,58949.69,C598437227,7015.56,0.0,C306405297,5530.88,57511.31,0,0
378,PAYMENT,1201.98,C173817505,2532.28,1330.3,C807728135,1592.04,2599.36,0,0
514,TRANSFER,33938.25,C139771737,1531.92,0.0,C375073719,3039.3,31366.71,0,0
301,CASH_IN,40387.36,C493427982,20083.04,0.0,C615741018,2580.71,39533.54,0,0
679,CASH_IN,14284.65,C792812962,4420.79,0.0,C460228879,4888.91,16503.91,0,0
353,CASH_OUT,62103.89,C383477407,80743.7,18639.81,C377811648,4787.38,56406.76,0,0
97,CASH_OUT,11367.72,C391117081,4820.89,0.0,C279408607,20926.25,29441.82,0,0
89,DEBIT,11624.17,C247618422,3459.9,0.0,C774863019,7398.23,17905.19,0,0
724,CASH_IN,10079.24,C354336470,18966.69,8887.45,C837052794,17460.73,24748.8,0,0
100,CASH_OUT,214.25,C368897249,4773.95,4559.7,C686558540,4828.74,5042.38,0,0
705,DEBIT,7011.33,C333362808,13532.17,6520.84,C316964234,7452.13,12662.4,0,0
207,DEBIT,2433.65,C409312531,58628.96,56195.31,C116940810,3183.22,5166.39,0,0
70,PAYMENT,957.57,C355041338,15928.16,14970.59,C668568732,29899.62,30638.23,0,0
227,PAYMENT,107069.44,C712736844,16017.65,0.0,C279922703,8784.29,93069.08,0,0
457,PAYMENT,20081.89,C404213348,18173.51,0.0,C593981142,3697.7,19697.66,0,0
318,PAYMENT,7679.46,C779281212,1054.0,0.0,C973202503,3504.35,10534.9,0,0
584,PAYMENT,2931.75,C676435732,24046.79,21115.04,C104004584,4037.45,6245.13,0,0
454,CASH_OUT,13809.41,C625208789,16981.8,3172.39,C619485758,5191.61,15951.31,0,0
298,PAYMENT,48270.94,C984146751,50988.02,2717.08,C994909266,4440.62,39695.87,0,0
472,CASH_IN,1828.88,C285781848,33147.29,31318.41,C400871192,1797.38,3259.46,0,0
722,CASH_OUT,8032.96,C224406490,9868.24,1835.28,C537824143,19473.72,27365.08,0,0
306,CASH_OUT,38658.41,C906363323,62855.22,24196.81,C376176905,21819.01,53288.22,0,0
115,PAYMENT,248.44,C183451003,8613.22,8364.78,C657509646,121898.29,122130.13,0,0
304,PAYMENT,7305.44,C639806762,19355.57,12050.13,C528934812,1658.16,7783.85,0,0
625,CASH_IN,3741.63,C561540556,8377.26,4635.63,C273459833,16310.91,19434.72,0,0
162,DEBIT,6368.42,C568504786,26705.82,20337.4,C290249288,158.15,6190.26,0,0
706,CASH_OUT,3284.82,C717206564,7595.15,4310.33,C220895691,21857.02,24182.82,0,0
438,PAYMENT,10380.91,C616723125,158154.46,147773.55,C160490937,357.15,10317.28,0,0
447,PAYMENT,258468.47,C567781857,275417.69,16949.22,C501715895,835.65,219386.9,0,0
236,DEBIT,4523.04,C897085104,49558.42,45035.38,C208085495,8937.45,12580.03,0,0
684,DEBIT,13699.02,C302977337,134853.59,121154.57,C401983459,1605.68,14921.82,0,0
27,CASH_OUT,293767.39,C384912380,1327.67,0.0,C317617111,1255.09,236844.14,0,0
222,CASH_OUT,3010.83,C976270389,1584.36,0.0,C799862973,2053.56,5044.25,0,0
311,PAYMENT,212440.16,C326392215,8247.45,0.0,C505425387,18275.69,226659.72,0,0
355,PAYMENT,8181.1,C884217774,14212.06,6030.96,C601395526,916.72,7301.06,0,0
353,CASH_OUT,200268.29,C668914958,9923.78,0.0,C228784554,4458.29,165109.67,0,0
110,CASH_OUT,31268.36,C293266233,1137.74,0.0,C201757295,2485.97,31992.37,0,0
168,CASH_IN,14084.01,C782821884,75160.99,61076.98,C978839713,21499.9,32185.2,0,0
71,CASH_IN,7200.2,C410296722,338167.75,330967.55,C657975328,22612.52,29233.72,0,0
426,CASH_IN,2635.23,C713560001,91261.25,88626.02,C113942928,180.64,2127.4,0,0
261,CASH_OUT,9287.5,C452362973,68069.53,58782.03,C109065650,32247.54,39321.66,0,0
421,TRANSFER,40751.61,C612223840,18754.32,0.0,C169461139,1637.03,36282.08,0,0
439,CASH_OUT,7914.09,C276966313,3772.54,0.0,C436097186,7520.03,14830.79,0,0
522,CASH_OUT,4582.86,C309261369,14895.17,10312.31,C690807227,906.84,5131.45,0,0
407,CASH_IN,5159.48,C376138608,314387.65,309228.17,C658338714,9585.84,14139.99,0,0
482,CASH_OUT,48361.43,C300110662,7879.49,0.0,C811888381,485254.18,523055.11,0,0
437,PAYMENT,73518.37,C926862622,6751.8,0.0,C261687903,6178.92,66803.15,0,0
485,CASH_OUT,94327.98,C443250961,94327.98,0.0,C579874603,2147.96,4035.01,1,0
459,PAYMENT,2432.18,C464387982,77693.67,75261.49,C881831544,3236.05,5140.7,0,0
235,PAYMENT,16040.08,C704820801,3744.89,0.0,C750494770,349.24,13132.66,0,0
183,CASH_IN,126697.51,C719313051,9025.17,0.0,C702362179,66711.59,178161.6,0,0
586,PAYMENT,63753.7,C978505065,6292.68,0.0,C184654547,8631.64,57229.71,0,0
255,TRANSFER,851.22,C282173890,14831.88,13980.66,C403030582,743.96,1350.68,0,0
409,CASH_OUT,5037.49,C244026961,69949.58,64912.09,C696287706,788.89,5361.6,0,0
147,CASH_IN,1517.64,C453573236,3999.64,2482.0,C678173872,5051.84,6124.12,0,0
321,PAYMENT,5006.43,C851835035,68493.71,63487.28,C936190665,26307.04,31269.59,0,0
394,PAYMENT,145500.96,C968209747,15560.28,0.0,C199647872,619.07,117759.81,0,0
466,CASH_OUT,625.98,C732363996,437699.64,437073.66,C563716300,36466.04,36905.46,0,0
392,CASH_OUT,439.68,C721007868,21552.48,21112.8,C738537749,4167.45,4591.91,0,0
268,CASH_IN,1823.66,C310326933,11552.1,9728.44,C856410712,921.09,2525.8,0,0
715,PAYMENT,13590.95,C633050672,31636.67,18045.72,C158255711,2117.85,14964.26,0,0
381,CASH_OUT,24769.26,C585681446,8056.87,0.0,C811750824,114393.21,134964.26,0,0
601,CASH_IN,17808.07,C274375001,904.24,0.0,C213276838,403.92,14761.76,0,0
548,PAYMENT,67254.13,C970562243,9313.48,0.0,C476652775,1316.32,61613.47,0,0
415,TRANSFER,339.15,C904036427,9095.72,8756.57,C352942672,27300.23,27578.94,0,0
659,PAYMENT,68803.22,C716790091,1226.01,0.0,C719320234,7256.28,66899.22,0,0
96,CASH_OUT,4620.36,C662954693,11973.45,7353.09,C110742233,1182.95,4802.29,0,0
685,CASH_IN,30233.01,C315997834,601.44,0.0,C421185227,27906.86,52087.03,0,0
632,TRANSFER,748.32,C773277392,7930.49,7182.17,C987446164,30398.01,30940.29,0,0
375,PAYMENT,8175.7,C585550308,19252.46,11076.76,C431958779,8924.03,16563.5,0,0
545,CASH_OUT,12397.96,C353744817,15452.01,3054.05,C638545667,1632.2,11608.28,0,0
387,PAYMENT,64883.71,C452722786,7211.24,0.0,C646830504,2153.94,66551.01,0,0
200,CASH_OUT,467.1,C856871732,11751.13,11284.03,C779482596,8204.33,8567.7,0,0
595,CASH_OUT,8564.27,C965261506,4121.22,0.0,C963065952,463.37,7678.9,0,0
183,CASH_IN,1148.92,C779789786,13578.25,12429.33,C655485536,53637.99,54547.54,0,0
234,CASH_IN,20128.52,C901214096,14575.97,0.0,C848826328,104859.47,123139.74,0,0
386,CASH_OUT,32826.45,C558610765,3462.08,0.0,C557422075,3214.03,34153.28,0,0
623,PAYMENT,82199.66,C301363912,19961.26,0.0,C832818637,9329.98,78879.38,0,0
286,CASH_IN,3093.16,C581428735,19775.1,16681.94,C677779304,41541.31,44047.01,0,0
368,CASH_OUT,43002.25,C459185049,10411.7,0.0,C405552132,166044.24,205753.61,0,0
31,CASH_OUT,93865.94,C935743274,504624.85,410758.91,C602409235,81029.32,152126.81,0,0
87,CASH_IN,420.8,C973239114,10817.78,10396.98,C457372727,216.16,586.4,0,0
42,CASH_IN,24397.13,C436505105,8788.05,0.0,C362564163,2785.0,25232.49,0,0
54,CASH_OUT,45493.3,C701243126,7089.79,0.0,C541990944,12103.37,47623.67,0,0
646,CASH_OUT,5086.23,C471909706,3113.78,0.0,C412026185,2019.1,6579.97,0,0
626,PAYMENT,916.54,C547128611,37378.32,36461.78,C663424288,121659.34,122503.08,0,0
611,PAYMENT,44237.16,C661565010,4772.52,0.0,C541903781,92307.0,124831.27,0,0
42,CASH_IN,935.32,C474787717,5699.18,4763.86,C226003319,1131.53,1877.14,0,0
58,PAYMENT,5877.97,C821507323,5958.88,80.91,C447931237,3669.02,8500.08,0,0
209,PAYMENT,7538.49,C270411223,3049.05,0.0,C420353076,1275.13,8306.94,0,0
421,PAYMENT,29377.03,C701615005,966.2,0.0,C964958041,3459.12,29024.53,0,0
249,PAYMENT,2622.97,C984816063,6671.43,4048.46,C502072331,3275.49,5465.32,0,0
363,PAYMENT,2363.15,C865049257,49513.62,47150.47,C119379062,27382.63,29262.83,0,0
129,PAYMENT,9682.23,C141148597,17952.23,8270.0,C378412604,993.03,7782.39,0,0
543,PAYMENT,49587.94,C202573528,138810.21,89222.27,C756479301,44.25,35056.61,0,0
234,CASH_IN,497529.44,C665860176,41209.93,0.0,C248812271,273.64,384432.97,0,0
50,TRANSFER,537.29,C932133297,29317.71,28780.42,C246687002,772.06,1166.97,0,0
552,DEBIT,14294.29,C859622848,225026.52,210732.23,C436069358,1509.83,12028.65,0,0
671,PAYMENT,1146.23,C913529738,11548.16,10401.93,C421099151,6883.72,7893.34,0,0
11,CASH_OUT,50709.08,C234751863,14685.47,0.0,C532816995,703.71,45410.69,0,0
325,CASH_IN,1496.1,C567233727,13131.95,11635.85,C130743259,555.58,1622.95,0,0
615,CASH_OUT,2405.79,C753295689,135358.23,132952.44,C748655547,922.41,3035.13,0,0
525,CASH_OUT,2805.43,C662268013,13410.23,10604.8,C292562359,659.72,2746.25,0,0
637,CASH_OUT,7064.53,C799324149,5052.22,0.0,C740113985,1811.5,7556.15,0,0
309,CASH_OUT,14497.85,C511348551,32257.74,17759.89,C608122970,1677.2,16130.18,0,0
277,CASH_OUT,19354.16,C945890675,3926.92,0.0,C282425527,16988.68,33567.48,0,0
527,CASH_OUT,8019.4,C282433024,29738.78,21719.38,C522581576,827.86,6523.69,0,0
115,CASH_OUT,739.66,C393733979,24853.69,24114.03,C132989855,2582.02,3176.93,0,0
178,TRANSFER,30031.89,C119779010,10055.71,0.0,C731621186,1842.65,28909.47,0,0
447,CASH_IN,7366.33,C982812761,31216.98,23850.65,C373419569,21078.17,26730.94,0,0
497,CASH_OUT,65586.33,C862913069,1434.13,0.0,C241422674,3723.05,68609.89,0,0
89,CASH_OUT,2266.68,C333231863,17059.17,14792.49,C456209631,32573.49,34449.37,0,0
378,CASH_OUT,453.01,C633797477,6673.18,6220.17,C981411507,617.53,937.5,0,0
272,CASH_OUT,7621.69,C915920741,978127.56,970505.87,C351829300,4496.88,11068.07,0,0
373,PAYMENT,83509.43,C370225344,16877.52,0.0,C262964233,1743.06,77140.12,0,0
713,TRANSFER,10825.89,C994915476,5461.14,0.0,C593385694,540.84,9599.92,0,0
57,CASH_OUT,5656.69,C433559457,1690.11,0.0,C386986548,4352.39,9887.19,0,0
740,PAYMENT,1691.51,C745172592,94665.92,92974.41,C508566406,111220.5,112862.25,0,0
335,CASH_IN,191756.12,C457985402,7902.63,0.0,C752602884,1058.67,143281.89,0,0
574,CASH_OUT,1269.93,C858965505,4076.41,2806.48,C170400882,3907.22,4826.63,0,0
316,CASH_OUT,2195.77,C673659783,22124.68,19928.91,C558264504,463.12,2205.89,0,0
232,CASH_IN,22608.06,C359896056,35403.93,12795.87,C139535329,355.45,20305.7,0,0
573,PAYMENT,286.91,C964842643,34576.5,34289.59,C183270475,1191.47,1444.09,0,0
511,PAYMENT,80359.31,C738259515,13761.44,0.0,C245521016,2186.44,64986.67,0,0
108,PAYMENT,24923.03,C485771184,16962.92,0.0,C414493694,2368.35,26925.76,0,0
525,CASH_OUT,40888.98,C222296739,18921.53,0.0,C941724599,3271.99,35664.22,0,0
560,PAYMENT,22128.26,C975994051,22127.9,0.0,C915584382,252.9,21081.34,0,0
289,CASH_OUT,6063.11,C701017513,25268.85,19205.74,C192848493,1592.88,7350.37,0,0
688,CASH_IN,1195.51,C646422575,68987.4,67791.89,C992056194,12126.7,12998.86,0,0
477,CASH_IN,6297.22,C308804640,14539.47,8242.25,C671583508,426.31,5273.7,0,0
248,PAYMENT,1400.49,C313393466,3923.72,2523.23,C598325685,2593.43,3664.19,0,0
8,TRANSFER,19439.83,C171167561,10759.69,0.0,C813093083,8325.84,27297.08,0,0
502,CASH_IN,34620.58,C156628635,41384.89,6764.31,C535996859,1202.21,29083.25,0,0
156,CASH_OUT,115642.12,C755809795,916.18,0.0,C338895156,9088.31,119057.19,0,0
563,PAYMENT,15822.4,C247528034,924.15,0.0,C576693469,317.97,13662.67,0,0
391,PAYMENT,42797.53,C616582957,52966.46,10168.93,C752570202,24323.77,60152.39,0,0
347,CASH_OUT,4746.39,C211520181,130637.84,125891.45,C714420299,9494.25,14103.12,0,0
122,PAYMENT,3425.84,C811661355,2002.6,0.0,C252905660,5432.73,8283.96,0,0
529,PAYMENT,19007.89,C830770589,15532.48,0.0,C944327347,37222.64,54775.58,0,0
124,PAYMENT,4041.41,C953877468,7336.98,3295.57,C837975825,2716.7,6060.21,0,0
311,CASH_IN,13154.7,C953860578,9034.04,0.0,C380639827,1616.24,11226.55,0,0
622,PAYMENT,1199.73,C805255530,21126.78,19927.05,C996791491,58138.29,58997.21,0,0
684,CASH_IN,1657.51,C404762699,1921.18,263.67,C629905790,135047.04,136310.85,0,0
735,PAYMENT,25431.32,C395167451,2538.11,0.0,C293115065,1410.66,24723.05,0,0
712,CASH_IN,39976.3,C196806335,8502.57,0.0,C100291922,4004.85,36469.4,0,0
414,CASH_IN,1374.46,C928793067,10742.22,9367.76,C216286718,32243.66,33393.03,0,0
149,CASH_IN,27095.03,C282974530,2467.76,0.0,C252897663,4269.87,24064.49,0,0
624,CASH_OUT,3105.95,C341170186,43672.4,40566.45,C933122293,14332.13,17086.83,0,0
596,CASH_OUT,8347.43,C223798705,7141.36,0.0,C259304156,20024.79,27880.01,0,0
736,CASH_IN,103828.93,C825376828,7095.91,0.0,C245737624,1786.21,93924.52,0,0
484,CASH_OUT,34664.7,C728287037,20414.24,0.0,C854023995,10453.52,44958.22,0,0
106,CASH_OUT,33947.47,C240963720,11010.86,0.0,C891351927,4860.29,28789.94,0,0
374,PAYMENT,251657.08,C246562527,46920.75,0.0,C288085023,549.85,177892.83,0,0
334,PAYMENT,2282.48,C119796856,3294.03,1011.55,C685410964,827.68,2767.79,0,0
627,PAYMENT,1373.92,C954426745,1642.41,268.49,C581001065,1518.76,2590.31,0,0
292,CASH_IN,2208.75,C492205698,8394.39,6185.64,C776204840,26142.97,28143.99,0,0
245,CASH_OUT,5125.06,C234975312,14623.05,9497.99,C892882848,27734.84,32541.96,0,0
60,PAYMENT,116.96,C587340956,2077.39,1960.43,C753399061,18955.38,19040.85,0,0
621,CASH_IN,5578.24,C287937040,1666.31,0.0,C912842906,10853.03,16292.94,0,0
562,CASH_OUT,3040.49,C651638180,17561.19,14520.7,C199473570,10332.89,12488.53,0,0
31,TRANSFER,33215.36,C647072121,4286.94,0.0,C691349501,8099.91,38210.34,0,0
323,TRANSFER,15280.84,C924101030,1512.07,0.0,C999519499,10236.09,22695.33,0,0
357,CASH_OUT,2748.32,C904362405,56840.93,54092.61,C582108218,11564.01,14038.13,0,0
349,PAYMENT,23433.68,C106948352,5178.69,0.0,C947700753,392.31,17482.28,0,0
683,CASH_OUT,29788.38,C199202684,74960.56,45172.18,C413539437,1185.07,30411.17,0,0
112,PAYMENT,2031.68,C987578008,13942.63,11910.95,C906932766,771.19,2764.72,0,0
228,CASH_IN,3336.1,C932852975,20788.15,17452.05,C944921131,36057.17,38912.27,0,0
135,CASH_IN,147.58,C389719134,9727.87,9580.29,C660060220,96507.9,96633.77,0,0
182,PAYMENT,1137.75,C568044380,248.95,0.0,C385262529,99.06,1112.16,0,0
674,CASH_OUT,2129.31,C615519006,2427.99,298.68,C582650725,82179.92,84040.98,0,0
699,PAYMENT,9260.37,C701579724,11063.82,1803.45,C966191007,5745.08,13737.37,0,0
34,CASH_OUT,1477.8,C435587924,23088.59,21610.79,C113443249,30421.22,31716.89,0,0
470,PAYMENT,3215.66,C900939758,911.86,0.0,C284577370,12229.92,15309.2,0,0
174,PAYMENT,892.84,C153226289,12327.62,11434.78,C549522551,65690.6,66479.26,0,0
144,CASH_OUT,11025.93,C129191126,2481.46,0.0,C405473676,7169.11,15535.04,0,0
218,PAYMENT,17435.89,C962175197,18994.98,1559.09,C661392610,422.33,17407.91,0,0
145,CASH_OUT,16718.27,C259457753,12976.55,0.0,C424497074,4063.44,16849.38,0,0
365,CASH_OUT,8285.4,C357364780,40751.68,32466.28,C692835587,12433.89,18644.2,0,0
740,CASH_IN,505.76,C428092163,66186.67,65680.91,C195691875,3331.81,3837.12,0,0
436,PAYMENT,2654.69,C125180295,26595.17,23940.48,C398925518,16057.27,18085.52,0,0
538,PAYMENT,3892.66,C949481136,48561.7,44669.04,C723530115,4366.62,7208.37,0,0
367,PAYMENT,3920.87,C423368887,7898.96,3978.09,C672679545,1682.58,5088.26,0,0
11,PAYMENT,9273.96,C250953661,922346.38,913072.42,C395647903,695.92,9489.1,0,0
63,TRANSFER,105448.13,C535006586,2146.88,0.0,C485474959,2427.78,78163.29,0,0
200,CASH_OUT,34953.48,C239216004,6053.35,0.0,C968223980,7102.69,36709.38,0,0
182,PAYMENT,1369.87,C810798289,51639.28,50269.41,C965921678,144.47,1131.53,0,0
625,DEBIT,27477.57,C165800655,41319.18,13841.61,C132022795,1206.96,23975.08,0,0
627,CASH_OUT,25656.3,C549299759,27752.56,2096.26,C734897898,135.09,20741.92,0,0
635,CASH_OUT,1898.99,C452142466,36789.88,34890.89,C541879842,1618.52,3025.94,0,0
474,CASH_OUT,37345.16,C133461006,586.79,0.0,C101146371,42411.15,78983.5,0,0
414,CASH_OUT,6071.26,C566796408,144921.58,138850.32,C670703131,581.14,5987.39,0,0
483,CASH_OUT,640.39,C455191470,9839.53,9199.14,C120951533,17425.46,18035.7,0,0
303,CASH_IN,18386.37,C216771806,86581.49,68195.12,C386932622,828925.22,846792.79,0,0
498,CASH_OUT,11974.46,C224551385,632.52,0.0,C831397921,67263.21,78986.87,0,0
591,PAYMENT,5378.58,C757475015,19630.76,14252.18,C471380587,6249.92,11222.06,0,0
567,PAYMENT,7574.82,C647009743,5737.31,0.0,C827884668,23044.49,29044.39,0,0
457,CASH_OUT,2220.85,C850026384,31513.78,29292.93,C502789463,417.62,2524.5,0,0
44,CASH_OUT,24300.08,C162376002,21495.65,0.0,C255713868,289.41,21091.61,0,0
539,CASH_OUT,7493.48,C582732175,23134.3,15640.82,C693276852,5175.32,11031.45,0,0
273,CASH_IN,10933.73,C790163373,2728.72,0.0,C112444222,10071.84,18990.84,0,0
553,PAYMENT,15411.29,C643125232,12265.51,0.0,C903894909,35239.67,47420.25,0,0
401,CASH_IN,1014.09,C324550177,10195.99,9181.9,C449274114,1765.57,2617.26,0,0
655,PAYMENT,1620.18,C698275245,28084.27,26464.09,C784023540,6961.23,8475.13,0,0
252,PAYMENT,151.73,C108738831,58920.57,58768.84,C762457693,6544.63,6672.91,0,0
693,DEBIT,22393.73,C610657817,16742.64,0.0,C525578358,3879.61,21354.73,0,0
628,PAYMENT,914.17,C554151973,1969.91,1055.74,C974554959,4313.67,4977.56,0,0
247,CASH_OUT,10286.89,C430041264,15699.25,5412.36,C816681723,1055.25,10896.99,0,0
359,PAYMENT,15800.21,C139813644,671060.34,655260.13,C895288491,8131.28,21169.78,0,0
395,PAYMENT,23962.25,C175143140,157788.06,133825.81,C184512519,6981.99,26932.4,0,0
572,PAYMENT,927.76,C775150527,154.22,0.0,C535667150,2226.04,3088.04,0,0
513,PAYMENT,7206.29,C844758558,14691.36,7485.07,C956768428,16291.42,23172.84,0,0
634,PAYMENT,163816.92,C477330767,54077.81,0.0,C831535554,31260.07,171052.17,0,0
275,TRANSFER,177329.78,C945687628,10163.01,0.0,C508697578,16635.22,174407.36,0,0
376,CASH_OUT,47914.89,C934895189,6700.01,0.0,C163297411,752.65,37730.82,0,0
321,PAYMENT,14875.75,C699326001,8951.3,0.0,C353996742,5880.3,20466.28,0,0
676,PAYMENT,1327.18,C622830637,30585.59,29258.41,C615045112,952.82,2107.97,0,0
227,CASH_OUT,29540.54,C968087409,2385.81,0.0,C677665063,5847.67,32903.3,0,0
437,PAYMENT,6097.06,C275147560,79461.9,73364.84,C931868571,959.52,5436.37,0,0
90,CASH_OUT,22224.51,C694610800,12283.48,0.0,C183578129,48966.61,68770.34,0,0
632,CASH_OUT,2593.81,C758091113,3286.12,692.31,C456746632,20130.61,22233.37,0,0
286,CASH_IN,5935.58,C838074835,72151.64,66216.06,C344880375,39158.81,44115.13,0,0
254,CASH_OUT,10888.53,C414374337,1315.94,0.0,C964090566,32633.67,42483.96,0,0
434,PAYMENT,12623.31,C875443443,5809.12,0.0,C249493866,3019.72,14871.72,0,0
371,CASH_OUT,19706.44,C538765624,5667.41,0.0,C195070428,2284.5,18144.43,0,0
631,CASH_OUT,2856.78,C241268887,333005.04,330148.26,C679120667,112995.46,115743.6,0,0
395,CASH_OUT,722.05,C389082314,4781.31,4059.26,C572286102,3651.1,4203.97,0,0
385,CASH_OUT,150936.28,C977301485,527.19,0.0,C601891625,429.13,131573.06,0,0
78,PAYMENT,715443.21,C744578988,5581.86,0.0,C916522184,30134.93,563411.74,0,0
17,PAYMENT,18130.62,C753523644,26458.31,8327.69,C380151296,6366.44,20631.16,0,0
297,CASH_IN,747.56,C906084973,43309.48,42561.92,C437873741,73917.1,74641.2,0,0
742,DEBIT,2014.75,C340217478,406284.75,404270.0,C820144287,7610.97,9028.28,0,0
682,CASH_OUT,20260.16,C695393991,110232.42,89972.26,C575581358,4740.97,24488.21,0,0
468,PAYMENT,90581.76,C863191383,17709.99,0.0,C252277539,76650.96,148982.36,0,0
469,CASH_OUT,913.06,C480234633,3508.26,2595.2,C720824400,308.2,1137.93,0,0
291,CASH_OUT,6478.22,C869391489,152671.09,146192.87,C771013356,1713.59,6426.6,0,0
132,CASH_OUT,11529.66,C772780351,7685.99,0.0,C324932853,995.0,11283.85,0,0
7,DEBIT,38416.46,C794757883,4977.9,0.0,C601324247,94.52,37467.53,0,0
252,CASH_OUT,4365.63,C933127539,7146.58,2780.95,C607299044,23664.17,27447.25,0,0
236,CASH_OUT,485.48,C811563530,2041.76,1556.28,C257515277,1801.99,2194.57,0,0
143,PAYMENT,24789.01,C389296119,6650.65,0.0,C108211218,25075.9,48329.81,0,0
193,PAYMENT,61367.32,C525250079,9417.62,0.0,C746278524,9900.65,65979.19,0,0
19,CASH_OUT,6983.71,C158121835,39974.02,32990.31,C653878772,14659.68,19794.86,0,0
452,PAYMENT,16805.01,C633886815,7464.15,0.0,C742380501,2165.23,17284.87,0,0
690,PAYMENT,3449.26,C493685379,1995.82,0.0,C439608081,1241.84,4344.09,0,0
514,CASH_IN,1768.01,C198656889,1205.13,0.0,C983499766,5776.59,7413.02,0,0
334,DEBIT,51408.88,C195136865,18294.48,0.0,C302920873,25706.59,66571.1,0,0
313,CASH_OUT,16276.74,C671443592,14897.35,0.0,C687527746,4488.67,17841.84,0,0
229,PAYMENT,19587.83,C250906948,5816.95,0.0,C219064502,1389.24,20742.24,0,0
106,CASH_OUT,121031.64,C230505819,6626.39,0.0,C159121145,567.8,106111.88,0,0
445,PAYMENT,1213.52,C460991131,23926.22,22712.7,C961529543,7097.47,8132.06,0,0
421,CASH_OUT,2999.96,C450174045,107561.64,104561.68,C216838599,1812.89,4801.01,0,0
6,CASH_OUT,10767.42,C923445110,4145.52,0.0,C690231284,4319.38,12598.1,0,0
309,TRANSFER,2934.34,C160905912,15265.55,12331.21,C562784979,3197.74,5602.08,0,0
207,CASH_OUT,33178.12,C761069089,56241.24,23063.12,C591945145,2208.4,32996.54,0,0
127,PAYMENT,5783.02,C324813527,4170.66,0.0,C904721075,8340.23,13625.51,0,0
523,TRANSFER,1357.56,C983412696,13050.11,11692.55,C846526298,13334.47,14678.47,0,0
391,PAYMENT,9121.5,C768575998,12619.6,3498.1,C749671754,168974.33,177149.84,0,0
471,CASH_IN,11010.56,C951477137,1868.81,0.0,C246241737,19232.21,27973.81,0,0
531,PAYMENT,43583.23,C954217149,17201.44,0.0,C692969915,86563.04,122270.59,0,0
730,CASH_IN,16442.98,C198247718,14007.06,0.0,C700412293,1126.1,13078.73,0,0
597,CASH_OUT,18584.13,C513211255,30718.68,12134.55,C808007863,275.42,18434.27,0,0
461,PAYMENT,14422.22,C107744459,2252.22,0.0,C193050909,4788.75,15441.01,0,0
654,PAYMENT,5774.46,C506838531,13561.03,7786.57,C256098891,23027.61,28015.08,0,0
355,CASH_OUT,2232.34,C719334398,106149.22,103916.88,C234961254,17362.9,19194.35,0,0
732,CASH_OUT,13628.37,C813597724,301416.93,287788.56,C586947685,43498.72,53587.35,0,0
566,PAYMENT,4448.74,C473554721,91143.81,86695.07,C670584334,51.12,3556.27,0,0
484,PAYMENT,169681.89,C876713498,2285.62,0.0,C203981504,46880.56,197909.44,0,0
672,CASH_OUT,90755.84,C706280982,26280.41,0.0,C881835223,8989.68,73369.64,0,0
383,PAYMENT,25313.94,C140946059,6472.26,0.0,C694374560,305.14,25360.8,0,0
536,CASH_OUT,16014.35,C349944864,20452.31,4437.96,C776463232,18076.21,33653.83,0,0
212,CASH_IN,6916.56,C944126535,4195.11,0.0,C132584331,6667.96,11685.1,0,0
716,PAYMENT,837.13,C102167329,1022.28,185.15,C878335327,9761.61,10565.68,0,0
464,TRANSFER,5491.13,C197227548,7968.28,2477.15,C973389625,29684.98,34070.04,0,0
582,CASH_OUT,9725.63,C410046596,39494.0,29768.37,C962772022,10662.58,17667.48,0,0
343,CASH_OUT,12246.82,C232894511,20578.45,8331.63,C225556210,346.86,10044.31,0,0
645,CASH_IN,18866.92,C453801954,24450.89,5583.97,C453391865,3799.23,21584.44,0,0
56,PAYMENT,42548.26,C297256725,18481.5,0.0,C505723302,267.26,38550.03,0,0
85,CASH_OUT,2331.16,C617933631,24508.89,22177.73,C977470553,15808.63,17607.28,0,0
377,CASH_OUT,2369.57,C517606177,29562.67,27193.1,C786810672,60860.91,63030.85,0,0
545,TRANSFER,110364.3,C784413583,8848.28,0.0,C793929696,526.04,101216.5,0,0
602,CASH_IN,32460.1,C777113670,15128.5,0.0,C479737812,1467.57,31423.65,0,0
327,CASH_OUT,4010.26,C207489777,182569.75,178559.49,C942919012,1003.99,4461.62,0,0
483,CASH_OUT,6680.98,C508459898,16531.89,9850.91,C928048756,2171.06,8489.15,0,0
411,PAYMENT,6735.28,C722576830,14240.5,7505.22,C825957723,10325.4,16336.02,0,0
715,CASH_OUT,8576.95,C477099649,15589.09,7012.14,C833026600,2213.82,8540.35,0,0
486,CASH_OUT,18974.09,C700609621,9634.8,0.0,C686561027,15907.63,33801.65,0,0
310,CASH_IN,776837.87,C672188133,6953.26,0.0,C185802519,33445.87,652686.98,0,0
721,PAYMENT,11402.2,C433664091,18270.04,6867.84,C356097698,35709.31,46102.53,0,0
80,PAYMENT,26706.88,C190113599,6256.82,0.0,C791913318,656.73,24760.74,0,0
732,CASH_IN,389.3,C973302572,10739.97,10350.67,C394193297,59555.99,59867.73,0,0
115,CASH_OUT,3385.24,C905234769,4081.53,696.29,C255155729,68798.01,71331.88,0,0
215,PAYMENT,74003.45,C369840012,15709.45,0.0,C952543965,80404.38,147635.58,0,0
611,CASH_IN,16716.77,C384545332,32089.77,15373.0,C539508686,3699.43,19659.05,0,0
546,CASH_OUT,3.0,C391094231,9721.82,9718.82,C874563054,1269.89,1272.74,0,0
721,CASH_OUT,27261.8,C127981983,656.83,0.0,C355749879,835.78,25042.93,0,0
558,CASH_OUT,255939.38,C252734081,32388.46,0.0,C423541403,676.41,197294.72,0,0
474,CASH_OUT,223.04,C988634958,15998.91,15775.87,C408967399,5019.28,5196.57,0,0
258,CASH_OUT,124853.69,C557032715,3011.38,0.0,C435940675,22609.68,138272.68,0,0
4,CASH_IN,55.17,C592526722,42612.6,42557.43,C493827240,51627.26,51672.68,0,0
93,CASH_OUT,43844.22,C423823550,1639.85,0.0,C832786846,2050.82,42376.51,0,0
222,PAYMENT,7977.92,C926869978,64094.35,56116.43,C393517128,4584.16,10909.33,0,0
31,DEBIT,117.93,C183903858,12258.2,12140.27,C497365341,4074.33,4157.1,0,0
378,CASH_IN,18088.8,C769351588,444.39,0.0,C874600719,1566.34,17503.42,0,0
578,PAYMENT,64312.65,C375246239,17456.97,0.0,C493439021,18478.24,75091.05,0,0
716,CASH_IN,15599.54,C973593445,7264.19,0.0,C109456170,9443.92,23300.47,0,0
364,PAYMENT,23218.15,C132887978,5794.86,0.0,C100439204,6344.11,24464.85,0,0
651,CASH_OUT,3862.16,C126768495,4417.86,555.7,C492447358,9367.02,13010.28,0,0
733,PAYMENT,284.15,C589747156,11038.85,10754.7,C948555710,14880.58,15121.04,0,0
639,CASH_IN,28151.48,C938314837,6452.46,0.0,C217723999,14614.75,40759.49,0,0
346,CASH_IN,189010.35,C157031181,824.65,0.0,C588372719,1086.5,168044.64,0,0
242,CASH_OUT,61898.15,C800130448,90048.33,28150.18,C360050459,24671.19,75726.1,0,0
727,CASH_IN,226.29,C944745549,9260.04,9033.75,C116407334,7782.7,7987.24,0,0
180,CASH_OUT,530.17,C537737286,4456.4,3926.23,C166521366,2247.76,2710.33,0,0
306,PAYMENT,1767.39,C880240451,2458.64,691.25,C570151402,7492.17,9000.13,0,0
56,PAYMENT,460.65,C292768863,42450.68,41990.03,C394321220,9136.74,9548.82,0,0
590,CASH_IN,8773.95,C868761271,1905.22,0.0,C181412568,34448.15,40816.12,0,0
483,PAYMENT,16451.11,C729431811,16333.62,0.0,C144653747,747.64,16755.86,0,0
64,PAYMENT,617.42,C111320900,5566.53,4949.11,C214029486,53368.28,53862.54,0,0
165,PAYMENT,32821.24,C611218344,6074.59,0.0,C439542886,5124.04,30311.32,0,0
413,PAYMENT,23908.45,C688938575,2552.07,0.0,C247164889,1976.19,24247.84,0,0
402,PAYMENT,3020.91,C794151355,5268.6,2247.69,C308286591,1870.27,4194.46,0,0
596,CASH_OUT,5939.98,C528086895,13537.5,7597.52,C371826488,810.41,6742.85,0,0
198,PAYMENT,242.34,C272594773,19014.71,18772.37,C362190015,214.08,414.29,0,0
688,PAYMENT,4455.65,C180104259,4111.78,0.0,C109915011,16635.92,20151.37,0,0
331,CASH_IN,8211.52,C963793168,11656.26,3444.74,C205628191,173788.71,179689.67,0,0
612,CASH_OUT,10979.07,C732438998,50649.35,39670.28,C701199165,267.28,8090.32,0,0
178,CASH_IN,16026.17,C626129191,1103.3,0.0,C211437183,888.23,12563.97,0,0
28,TRANSFER,12577.13,C291434324,13234.69,657.56,C355334695,19012.46,27835.44,0,0
41,CASH_OUT,5035.06,C356006571,3209.35,0.0,C915102895,4527.18,8545.8,0,0
277,PAYMENT,13563.68,C716442793,2754.45,0.0,C891574803,22069.56,32827.41,0,0
709,PAYMENT,49200.43,C368798948,19762.02,0.0,C541449818,4092.47,44880.98,0,0
37,TRANSFER,6823.33,C845238845,5896.55,0.0,C535243826,1728.26,6981.38,0,0
275,CASH_IN,14352.38,C432779639,2153.38,0.0,C673769119,3273.07,13589.88,0,0
82,PAYMENT,5795.82,C198572256,97384.74,91588.92,C860305237,67.51,4248.32,0,0
693,PAYMENT,2529.64,C185927614,53110.73,50581.09,C388877882,627.49,2536.47,0,0
502,CASH_IN,20768.31,C460241696,736.23,0.0,C601266361,27089.54,43599.87,0,0
567,PAYMENT,2982.73,C467109689,1463.17,0.0,C337428955,41999.78,44220.12,0,0
530,CASH_OUT,16237.27,C760169428,32538.71,16301.44,C289309235,61765.42,74910.06,0,0
489,PAYMENT,8525.86,C530716025,8714.03,188.17,C761958578,10867.86,19194.78,0,0
575,CASH_OUT,4688.73,C247332755,126862.86,122174.13,C494043809,84.7,3734.79,0,0
7,CASH_OUT,4488.81,C291955009,33674.78,29185.97,C713206956,1567.11,4936.05,0,0
644,CASH_IN,3246.66,C609871302,20935.43,17688.77,C722037153,53336.72,56256.87,0,0
550,CASH_IN,418.87,C400750858,2884.79,2465.92,C425967315,91262.72,91617.61,0,0
550,CASH_IN,16142.51,C704655083,27921.73,11779.22,C959537857,57111.79,68640.39,0,0
293,PAYMENT,12292.99,C419314246,1971.11,0.0,C141665645,3212.31,14722.76,0,0
596,CASH_OUT,37399.27,C596688768,94642.96,57243.69,C107078220,467.86,34673.34,0,0
284,CASH_IN,3113.11,C848784046,25164.96,22051.85,C444117479,4568.15,7660.06,0,0
37,PAYMENT,245656.75,C289316826,3876.76,0.0,C842853594,5047.52,246157.65,0,0
675,PAYMENT,4090.72,C559592366,44668.16,40577.44,C715822626,82290.97,85871.47,0,0
175,CASH_OUT,1677.07,C374720853,385496.48,383819.41,C389401625,7405.84,8924.94,0,0
76,PAYMENT,1354.74,C664295355,9639.02,8284.28,C897036962,5064.58,6179.33,0,0
463,CASH_OUT,357.43,C768773396,30504.2,30146.77,C223992908,5609.92,5955.39,0,0
174,PAYMENT,127864.99,C226785516,6990.14,0.0,C703637142,10094.5,120805.46,0,0
638,CASH_IN,95599.35,C268719469,15184.47,0.0,C566696103,15177.85,91434.14,0,0
330,PAYMENT,23893.01,C110850528,1392.91,0.0,C286442799,1333.86,18127.0,0,0
4,TRANSFER,1614.92,C145673713,13349.12,11734.2,C788954728,732.37,2146.93,0,0
708,PAYMENT,211141.08,C736129673,14262.17,0.0,C107632777,57930.85,239011.81,0,0
383,DEBIT,4302.3,C913528133,198490.53,194188.23,C178161512,256.24,4315.73,0,0
196,PAYMENT,4992.81,C894378145,904.6,0.0,C150529186,93708.62,97483.69,0,0
504,CASH_OUT,107695.85,C279650881,8766.34,0.0,C475340439,157.71,101889.4,0,0
395,PAYMENT,26530.2,C571027048,92242.46,65712.26,C751584952,1716.13,20408.91,0,0
22,PAYMENT,425910.99,C572912786,9296.03,0.0,C708369315,28263.8,401444.46,0,0
565,TRANSFER,12678.97,C677446982,10331.86,0.0,C113569496,4917.79,15302.57,0,0
299,CASH_OUT,3965.33,C816505390,3828.05,0.0,C528490412,459.59,3629.7,0,0
520,CASH_IN,2693.92,C849730939,3298.07,604.15,C806303441,10589.0,12824.92,0,0
666,DEBIT,291.61,C905987079,863.69,572.08,C907793594,5544.76,5768.45,0,0
454,CASH_IN,4907.54,C121937070,5198.77,291.23,C362948077,3331.28,7036.61,0,0
500,CASH_OUT,63593.59,C244614153,3028.94,0.0,C139676099,1598.69,61474.09,0,0
190,CASH_OUT,23810.97,C823526795,15947.51,0.0,C237590182,4617.96,22912.58,0,0
177,PAYMENT,8404.77,C254616123,4099.0,0.0,C406126782,1724.24,9465.8,0,0
309,CASH_IN,1351.7,C731785425,6506.87,5155.17,C498863087,393233.48,394468.13,0,0
634,CASH_IN,12190.0,C548713754,6779.73,0.0,C416213100,3190.62,11845.77,0,0
390,CASH_IN,50164.59,C485874567,12428.56,0.0,C181485453,2507.99,50882.79,0,0
259,PAYMENT,17593.67,C435602643,6046.39,0.0,C406114503,1853.92,18335.79,0,0
580,PAYMENT,10939.37,C442047554,2717.1,0.0,C360903471,120392.38,130662.48,0,0
635,CASH_IN,1930.39,C598291067,15193.91,13263.52,C538917320,257.16,2077.05,0,0
671,CASH_IN,38596.9,C905991197,66252.26,27655.36,C811519340,9386.04,43149.29,0,0
223,CASH_OUT,28.86,C983257599,16198.91,16170.05,C475312309,3194.79,3223.59,0,0
528,CASH_OUT,16141.07,C879284193,5352.23,0.0,C386094354,379.13,12545.39,0,0
439,DEBIT,827843.63,C207667409,11106.44,0.0,C915868657,1125.14,598580.53,0,0
334,CASH_OUT,536.43,C376092811,616.5,80.07,C770034885,8695.12,9183.94,0,0
295,PAYMENT,5247.65,C781253963,10838.89,5591.24,C223155116,1037.01,5173.11,0,0
86,CASH_OUT,7988.52,C590976406,7328.08,0.0,C101924266,7841.73,14891.36,0,0
205,PAYMENT,3524.0,C400893275,3293.84,0.0,C419252614,110467.41,113348.32,0,0
409,CASH_IN,52337.77,C380071193,4323.64,0.0,C585289721,6681.39,48554.6,0,0
659,TRANSFER,18966.16,C205344343,7220.27,0.0,C100877706,359.13,18717.89,0,0
644,TRANSFER,10658.8,C399176557,59200.63,48541.83,C196974775,1070.38,8985.74,0,0
140,PAYMENT,34033.16,C479740019,68740.28,34707.12,C810245632,2940.31,28693.06,0,0
505,CASH_OUT,8351.12,C474333146,3320.31,0.0,C958116561,2607.06,10126.01,0,0
64,CASH_IN,2479967.67,C593877589,6141.87,0.0,C853444486,6461.55,2324686.48,0,0
502,PAYMENT,10640.52,C345692022,6381.22,0.0,C915592704,8624.8,18729.72,0,0
255,PAYMENT,11516.17,C285365473,44995.52,33479.35,C517164295,110741.1,119601.01,0,0
335,CASH_OUT,372.84,C898766103,16618.3,16245.46,C843756673,4881.97,5241.62,0,0
534,CASH_OUT,3046.62,C329275725,15354.82,12308.2,C894004172,617.73,3307.48,0,0
316,CASH_OUT,63913.11,C672108422,29863.55,0.0,C903504540,39216.43,99739.94,0,0
600,PAYMENT,732.29,C588085657,5460.96,4728.67,C234438872,47736.15,48263.81,0,0
397,PAYMENT,166.73,C618803217,103345.17,103178.44,C553349595,7468.11,7602.67,0,0
743,PAYMENT,8588.4,C299364064,13324.81,4736.41,C386118242,3154.2,10518.4,0,0
475,PAYMENT,95543.81,C750844534,3700.16,0.0,C848383186,15071.84,98489.91,0,0
221,CASH_OUT,8745.43,C273064236,9466.74,721.31,C898647346,3361.21,9742.94,0,0
577,CASH_OUT,4424.78,C852764079,84786.57,80361.79,C968716320,121.48,3933.86,0,0
304,CASH_IN,285.64,C468226298,7060.61,6774.97,C317688947,13551.52,13808.49,0,0
397,PAYMENT,18289.04,C449641557,55511.01,37221.97,C297950819,24490.8,39277.1,0,0
102,CASH_OUT,26643.36,C480670547,5229.03,0.0,C761671972,65772.49,88425.25,0,0
89,CASH_OUT,327.96,C698786140,4236.55,3908.59,C718043010,1319.01,1577.37,0,0
428,CASH_OUT,62452.3,C547022920,35932.45,0.0,C568732939,7384.2,67410.23,0,0
139,CASH_IN,32152.71,C214130784,3601.27,0.0,C526886799,7677.42,35964.15,0,0
742,DEBIT,62203.63,C609718040,45881.18,0.0,C341314559,5731.25,59561.16,0,0
636,CASH_OUT,23163.78,C340305847,22639.22,0.0,C632991248,6043.51,28820.62,0,0
521,CASH_IN,26281.72,C197490406,3603.31,0.0,C694841828,5254.52,28894.39,0,0
546,PAYMENT,20687.76,C855937916,12002.09,0.0,C632144357,7195.05,23413.16,0,0
443,CASH_OUT,38686.66,C381371818,5865.47,0.0,C885734007,18643.0,53171.85,0,0
45,CASH_OUT,306.81,C254702615,22549.42,22242.61,C382541270,44201.66,44504.94,0,0
292,CASH_OUT,543.53,C405375152,226771.32,226227.79,C648650235,1259.67,1643.98,0,0
369,PAYMENT,2154.22,C976018665,7661.35,5507.13,C869522471,3604.21,5517.11,0,0
681,CASH_OUT,6414.55,C380440773,29752.38,23337.83,C291415359,2296.88,7088.87,0,0
164,PAYMENT,16295.54,C624457860,13858.6,0.0,C353429552,1775.42,17173.69,0,0
370,PAYMENT,14536.63,C608967286,13850.64,0.0,C144248972,268.04,13237.7,0,0
256,PAYMENT,60523.71,C486443367,10427.4,0.0,C437480206,5133.79,64513.41,0,0
100,CASH_OUT,64041.82,C627047330,3691.82,0.0,C140152574,11646.68,69340.25,0,0
77,PAYMENT,1685.31,C609343205,22086.24,20400.93,C771737278,3717.55,4905.97,0,0
272,CASH_OUT,12449.52,C172059693,8663.62,0.0,C179930693,4836.16,15456.92,0,0
62,CASH_OUT,1761.47,C702168899,3438.53,1677.06,C723178666,10437.77,12148.33,0,0
50,CASH_OUT,5774.2,C202787953,61160.69,55386.49,C989108641,62318.61,66762.96,0,0
261,CASH_OUT,14461.2,C491458116,15498.75,1037.55,C413396068,2308.66,12791.13,0,0
151,CASH_IN,17.54,C428241280,9488.65,9471.11,C318796279,596.51,612.58,0,0
413,CASH_OUT,621716.37,C502938823,99716.35,0.0,C583543429,4176.41,533103.21,0,0
14,CASH_IN,22461.0,C164712914,850.55,0.0,C297375901,145861.13,161904.54,0,0
225,CASH_OUT,2773.14,C731261016,90150.09,87376.95,C953723378,608.12,2782.19,0,0
337,CASH_OUT,260215.54,C476709350,3567.85,0.0,C711245764,15839.22,223497.62,0,0
716,PAYMENT,4335.64,C154776324,18348.42,14012.78,C656255905,39507.42,43411.05,0,0
472,CASH_IN,10285.96,C103179758,5529.79,0.0,C374332969,69.55,8724.98,0,0
655,PAYMENT,3371.76,C586072511,3345.92,0.0,C262052086,10284.58,13137.62,0,0
256,CASH_OUT,158511.96,C699631298,95877.8,0.0,C524329535,14561.54,163876.81,0,0
335,CASH_IN,6707.81,C592595030,216279.07,209571.26,C808863679,3037.52,8293.26,0,0
313,CASH_OUT,10604.9,C748403267,9586.98,0.0,C100404573,1535.19,11098.39,0,0
660,CASH_IN,70742.93,C781077034,22097.33,0.0,C419674634,1697.32,59018.0,0,0
713,CASH_IN,23231.19,C884769590,14552.05,0.0,C928857868,2720.52,21898.12,0,0
716,CASH_OUT,7347.93,C984380276,179110.87,171762.94,C454900462,2853.29,9222.26,0,0
559,CASH_OUT,59796.58,C896314809,561.31,0.0,C189188731,2031.65,56368.45,0,0
374,CASH_OUT,781734.0,C816179307,23521.85,0.0,C485727558,2643.73,771524.91,0,0
402,CASH_IN,14347.61,C487875135,4488.66,0.0,C714223540,41916.1,53117.33,0,0
729,CASH_IN,9998.28,C553409751,389.96,0.0,C996690151,552.27,7862.25,0,0
212,CASH_IN,11016.27,C654441475,7779.17,0.0,C665978929,210.97,9339.47,0,0
258,CASH_OUT,85714.14,C252507861,213645.46,127931.32,C145476372,43140.31,117198.6,0,0
667,CASH_OUT,2755.75,C709886580,4993.67,2237.92,C828157469,3478.54,5596.06,0,0
288,CASH_OUT,4910.0,C629434874,43745.69,38835.69,C802094221,2443.49,7192.19,0,0
175,CASH_OUT,509.08,C568175618,80660.82,80151.74,C686248957,4023.1,4501.46,0,0
417,CASH_IN,962.02,C850868997,13107.7,12145.68,C906885374,7163.1,7978.99,0,0
242,TRANSFER,3190.59,C718449358,16005.43,12814.84,C792448675,1913.54,4577.74,0,0
662,CASH_IN,7326.94,C842779341,1017.96,0.0,C309001651,12218.13,17436.54,0,0
676,CASH_IN,195702.32,C368117104,4563.08,0.0,C479123747,869.51,169382.3,0,0
228,CASH_IN,21264.35,C270071745,52078.71,30814.36,C556688800,2854.67,21540.17,0,0
394,TRANSFER,1569.1,C369379805,14632.77,13063.67,C539834044,91.24,1609.33,0,0
732,PAYMENT,2185.58,C741318277,23179.24,20993.66,C674913089,40539.29,42397.75,0,0
552,PAYMENT,96234.93,C877865218,16313.31,0.0,C731495891,3579.73,75487.74,0,0
161,TRANSFER,61568.07,C892139452,357898.93,296330.86,C193563428,16418.88,62842.26,0,0
439,CASH_IN,8524.25,C712915269,7003.88,0.0,C611584048,11589.26,17965.06,0,0
461,TRANSFER,3653.54,C956744279,148466.57,144813.03,C134933071,13222.36,16808.53,0,0
486,CASH_IN,61382.44,C717176836,16321.77,0.0,C560384695,4846.46,62424.22,0,0
19,PAYMENT,1355.62,C226876212,169617.04,168261.42,C479960226,9885.35,11169.7,0,0
223,CASH_OUT,16410.14,C550146057,2127.14,0.0,C285002565,871.04,16495.63,0,0
635,CASH_OUT,484458.08,C422808764,17623.32,0.0,C332297434,596.98,353616.93,0,0
180,PAYMENT,11726.9,C673278599,7401.74,0.0,C150691236,4097.0,14776.14,0,0
223,CASH_IN,2006.01,C672250826,16468.56,14462.55,C422647516,1445.78,3273.86,0,0
240,TRANSFER,16960.86,C364942647,83580.41,66619.55,C781665054,63948.64,76965.19,0,0
132,CASH_OUT,3477.21,C369727735,23581.42,20104.21,C108355946,9655.28,12601.17,0,0
116,PAYMENT,658.91,C844943414,83330.84,82671.93,C543576738,1353.34,1945.52,0,0
258,TRANSFER,28620.11,C948829876,4888.63,0.0,C475627104,3014.61,30753.25,0,0
650,CASH_IN,60603.14,C933687282,3888.38,0.0,C115592525,6244.22,50674.06,0,0
2,PAYMENT,4630.26,C871140101,13686.4,9056.14,C608513892,4348.54,8829.05,0,0
211,CASH_OUT,4109.17,C400522198,12607.18,8498.01,C261440323,8015.58,12029.11,0,0
46,PAYMENT,1435.38,C184177136,10109.3,8673.92,C350307762,5561.25,6963.74,0,0
418,CASH_IN,6186.45,C307955785,3171.79,0.0,C605933768,402.15,4741.64,0,0
187,CASH_OUT,2944.63,C352124548,80658.33,77713.7,C724167975,102.35,2358.82,0,0
589,PAYMENT,1313.09,C113851548,7752.29,6439.2,C100011851,2508.66,3700.12,0,0
435,CASH_OUT,244239.33,C858551838,113449.97,0.0,C339234093,13478.98,208020.96,0,0
583,CASH_IN,18763.84,C690233056,13617.55,0.0,C153497775,2559.93,16038.47,0,0
472,CASH_OUT,22704.34,C688200461,35335.5,12631.16,C140359548,45515.83,66605.5,0,0
326,PAYMENT,39740.23,C970024819,30839.9,0.0,C728616196,4517.0,32676.04,0,0
640,CASH_IN,32463.29,C232599126,3879.99,0.0,C331997669,56554.1,83622.2,0,0
354,PAYMENT,3852.21,C408412916,23174.42,19322.21,C745931413,39082.35,42873.98,0,0
706,TRANSFER,13234.66,C377543874,240987.28,227752.62,C653611635,32608.11,43620.27,0,0
740,CASH_IN,4992.76,C596324908,19485.35,14492.59,C696711018,563.22,5424.0,0,0
438,CASH_IN,17840.64,C573569931,51632.94,33792.3,C845211690,5068.77,19746.29,0,0
502,PAYMENT,14988.58,C811034399,37794.08,22805.5,C736644397,44399.89,56450.8,0,0
190,CASH_IN,4069.24,C604575232,21174.96,17105.72,C771039129,8024.23,11003.79,0,0
606,DEBIT,740.45,C310592748,17671.67,16931.22,C751939748,13331.01,13928.87,0,0
499,PAYMENT,10543.1,C620977320,30362.8,19819.7,C857948764,404.16,8850.19,0,0
671,DEBIT,5610.05,C258399707,41978.96,36368.91,C764207629,155409.97,160761.76,0,0
199,CASH_OUT,269.71,C107107806,1757.69,1487.98,C646921531,1182.67,1445.9,0,0
586,PAYMENT,20207.14,C507025946,19359.81,0.0,C166617736,135.64,14413.58,0,0
350,DEBIT,46056.11,C893994414,10136.35,0.0,C492934143,2612.27,36209.14,0,0
138,CASH_IN,767613.52,C502069809,7425.76,0.0,C156944396,60.01,685514.73,0,0
128,CASH_OUT,4007.19,C680753374,93334.64,89327.45,C193435322,696.99,4084.76,0,0
418,PAYMENT,3072.72,C870061784,4448.31,1375.59,C425007948,491551.16,493975.73,0,0
238,PAYMENT,1099.97,C786765266,1648.87,548.9,C517712587,2479.78,3335.53,0,0
76,CASH_OUT,11796.47,C685562333,44071.75,32275.28,C574837042,376.15,9428.79,0,0
318,CASH_OUT,11662.95,C805614400,1586.7,0.0,C910252971,5143.74,15146.3,0,0
486,CASH_IN,1881.2,C352506328,741.06,0.0,C786357148,976.48,2303.18,0,0
237,CASH_OUT,5914.29,C478413798,52177.23,46262.94,C480603880,23298.27,28749.27,0,0
710,CASH_IN,230.07,C459093351,16951.02,16720.95,C401237036,991.1,1172.88,0,0
580,TRANSFER,42936.53,C818750121,27148.56,0.0,C347605368,8000.99,43554.56,0,0
381,CASH_OUT,2023.89,C467898441,6879.89,4856.0,C895253948,623.47,2360.2,0,0
695,PAYMENT,7613.05,C943779200,1674.7,0.0,C714267007,528739.24,534551.1,0,0
322,CASH_IN,621.39,C267955113,2255.93,1634.54,C324403166,12167.49,12767.2,0,0
104,CASH_OUT,2840.58,C254953996,8881.42,6040.84,C659559635,3782.31,6351.98,0,0
27,CASH_OUT,4898.75,C744551274,1981.08,0.0,C164760155,2900.61,7608.74,0,0
697,CASH_OUT,7940.06,C787722759,21175.06,13235.0,C259420194,1814.42,8504.99,0,0
714,PAYMENT,19216.38,C711131555,6676.26,0.0,C563676561,1249.32,17193.88,0,0
550,TRANSFER,108048.46,C377012806,17633.47,0.0,C423526170,1189.02,84509.81,0,0
77,PAYMENT,30299.29,C389343702,16860.39,0.0,C738654211,100809.91,126971.9,0,0
219,CASH_IN,45793.44,C471479365,23865.74,0.0,C460968048,1817.64,42021.95,0,0
31,PAYMENT,109424.21,C877347567,28260.6,0.0,C369559402,106.38,90488.26,0,0
39,CASH_IN,22594.78,C797532279,7975.66,0.0,C424186956,602.6,17404.41,0,0
183,PAYMENT,7584.99,C119850460,17605.28,10020.29,C103021222,26105.58,32036.52,0,0
426,CASH_OUT,49831.44,C214674689,19034.57,0.0,C311958331,3120.71,38215.77,0,0
49,CASH_OUT,55905.43,C659517170,349.56,0.0,C786495938,3860.89,48347.17,0,0
732,CASH_IN,26040.77,C712042884,35234.77,9194.0,C403888202,40362.89,63128.45,0,0
339,CASH_IN,590.91,C199373912,16729.24,16138.33,C283119773,1213.3,1796.36,0,0
197,CASH_OUT,1781.79,C395350584,31134.55,29352.76,C606383087,15342.04,16684.39,0,0
384,PAYMENT,4940.7,C813028237,1938.63,0.0,C806999946,1477.06,5017.76,0,0
588,PAYMENT,32968.83,C947712337,8319.36,0.0,C980961403,13857.45,39866.34,0,0
233,TRANSFER,7797.64,C633911441,2598.54,0.0,C856887069,2430.75,8255.89,0,0
36,CASH_IN,62715.48,C181841338,40818.96,0.0,C450053829,3181.83,60168.61,0,0
38,DEBIT,86459.03,C970949966,1623.48,0.0,C827416929,21509.3,82179.74,0,0
634,CASH_OUT,70158.12,C237653323,3317.67,0.0,C133763909,18891.07,88646.49,0,0
83,CASH_OUT,70967.2,C341467214,29776.39,0.0,C663483543,3649.08,71543.4,0,0
473,CASH_OUT,1253.14,C976687502,5197.53,3944.39,C937582809,2102.91,3164.57,0,0
286,CASH_OUT,19317.06,C553495508,3318.98,0.0,C135217506,87418.8,106277.71,0,0
578,DEBIT,2714.73,C278070076,52056.2,49341.47,C811188493,14197.13,16608.94,0,0
45,CASH_IN,416.41,C551898313,55357.51,54941.1,C202893996,2430.72,2846.35,0,0
668,CASH_OUT,4829.76,C384113246,39462.53,34632.77,C983945439,1516.94,5301.02,0,0
519,PAYMENT,87950.25,C956973282,47718.03,0.0,C769934169,31095.41,118964.03,0,0
334,CASH_IN,18570.61,C368710642,9439.24,0.0,C919144478,6049.43,20053.05,0,0
154,PAYMENT,306219.32,C903360438,9829.18,0.0,C384231494,3661.41,250481.99,0,0
727,CASH_OUT,11147.99,C588644090,5053.71,0.0,C474333264,6044.81,16976.5,0,0
225,PAYMENT,664005.0,C690152925,17181.59,0.0,C257398731,9027.53,547643.61,0,0
365,PAYMENT,11153.83,C732696007,6052.05,0.0,C375898678,4438.0,12947.82,0,0
293,PAYMENT,8437.7,C596287834,6977.18,0.0,C323084927,42900.4,48957.37,0,0
172,PAYMENT,810.05,C927309426,32854.72,32044.67,C469677582,47420.47,48023.7,0,0
310,PAYMENT,59815.07,C527522128,78968.86,19153.79,C507256173,12802.54,61047.4,0,0
113,PAYMENT,3281.89,C689968067,24279.57,20997.68,C438298787,58366.31,61078.36,0,0
2,CASH_OUT,2528.33,C598491453,197101.44,194573.11,C800160065,4990.51,7171.79,0,0
216,CASH_IN,81325.51,C692556993,4636.55,0.0,C922661869,17027.68,93805.17,0,0
84,PAYMENT,65173.02,C419226848,848.13,0.0,C853066258,29972.07,75855.47,0,0
309,CASH_IN,62174.02,C859317007,39024.38,0.0,C199743794,30769.18,89979.67,0,0
642,CASH_OUT,4221.97,C301885916,4197.52,0.0,C204309018,25560.37,29246.89,0,0
121,CASH_IN,7392.66,C687921109,8861.41,1468.75,C159839276,15308.15,22160.73,0,0
1,CASH_OUT,7275.46,C620120642,939.46,0.0,C120012368,166513.32,173258.35,0,0
83,CASH_IN,33141.21,C553309198,3467.48,0.0,C319004990,1860.4,34039.22,0,0
378,PAYMENT,132775.68,C142794560,1403.41,0.0,C853457704,3716.74,100379.3,0,0
205,PAYMENT,15719.6,C552820503,6964.25,0.0,C370771972,3340.52,17039.44,0,0
364,PAYMENT,283453.67,C718984556,7392.14,0.0,C481916854,2533.81,278251.71,0,0
22,CASH_OUT,40739.36,C424748692,15289.79,0.0,C193545688,137.03,37444.58,0,0
248,CASH_OUT,5310.07,C375525508,85783.71,80473.64,C525817041,58381.64,62252.55,0,0
305,CASH_OUT,36014.63,C306218481,36877.59,862.96,C309117065,775.2,32618.95,0,0
321,CASH_OUT,174676.77,C821684739,1172.33,0.0,C362325185,6671.95,170861.87,0,0
410,PAYMENT,295646.62,C474862031,33257.09,0.0,C811405380,380.18,231711.4,0,0
580,CASH_IN,68624.47,C813305209,15797.9,0.0,C628134836,15022.26,76080.74,0,0
348,TRANSFER,8486.35,C123003789,11536.37,3050.02,C300919729,1195.46,9275.51,0,0
626,CASH_IN,5485.99,C239304742,12912.49,7426.5,C726865581,636.04,5338.41,0,0
394,PAYMENT,22855.0,C354717389,18157.31,0.0,C313359198,6973.12,24303.06,0,0
194,DEBIT,164909.83,C308567677,4732.32,0.0,C866591483,1392.25,144023.53,0,0
171,CASH_OUT,17690.52,C560970590,10162.64,0.0,C366537822,1748.5,17252.49,0,0
240,PAYMENT,18364.18,C814223810,78897.8,60533.62,C418743033,6695.7,21770.04,0,0
444,CASH_IN,8888.52,C510611046,4647.76,0.0,C495489557,20743.35,28777.55,0,0
181,PAYMENT,4490.84,C504363752,2850.27,0.0,C269102117,1126.51,4853.91,0,0
680,DEBIT,6052.08,C153907859,12178.64,6126.56,C375339609,825.39,6654.88,0,0
357,CASH_IN,10339.91,C352279488,2450.75,0.0,C220911574,5126.97,14820.51,0,0
642,CASH_IN,178542.15,C829634395,1008.1,0.0,C239095731,12973.38,181058.59,0,0
508,PAYMENT,5263.31,C193845545,7968.88,2705.57,C769757265,68388.46,72903.45,0,0
248,CASH_OUT,8907.97,C847917174,117351.95,108443.98,C215517311,714.52,7474.82,0,0
170,PAYMENT,1706.71,C256825758,12608.09,10901.38,C522218797,2772.93,4338.54,0,0
553,PAYMENT,29434.89,C844259337,17463.45,0.0,C486318478,40799.08,62012.11,0,0
246,PAYMENT,94847.21,C808595000,547.18,0.0,C141687595,171368.27,252488.48,0,0
184,CASH_OUT,150858.28,C595586554,25775.72,0.0,C848187017,822.57,108821.07,0,0
692,PAYMENT,11684.94,C438976677,15368.09,3683.15,C674574402,1300.02,11331.84,0,0
359,TRANSFER,22784.54,C725262995,4927.7,0.0,C704172864,9759.34,30397.04,0,0
37,CASH_IN,6146.32,C562462455,17502.09,11355.77,C859764296,1737.26,6812.64,0,0
368,CASH_OUT,20961.31,C947767139,17243.36,0.0,C805831926,1253.11,18547.68,0,0
343,CASH_OUT,14258.91,C792767297,2726.48,0.0,C735230884,7631.56,18138.07,0,0
642,CASH_OUT,8999.06,C157082139,21977.63,12978.57,C959894758,79933.95,87048.2,0,0
529,PAYMENT,10383.33,C364503187,80475.1,70091.77,C642558277,465.42,9117.66,0,0
143,CASH_OUT,18278.12,C819311268,9490.89,0.0,C279572518,72911.48,90441.45,0,0
112,DEBIT,4772.02,C204471691,3635.89,0.0,C397405816,1746.58,6372.55,0,0
449,CASH_OUT,5237.01,C737889533,10235.63,4998.62,C266622510,9158.39,14322.47,0,0
36,CASH_IN,175124.36,C286323040,48142.46,0.0,C901301261,86122.96,213977.6,0,0
238,CASH_OUT,1065531.38,C938532039,2122.86,0.0,C270767205,8827.11,849385.65,0,0
103,PAYMENT,927.17,C907894591,31819.59,30892.42,C902545357,2877.04,3654.82,0,0
16,PAYMENT,839.62,C103325064,4831.82,3992.2,C356619558,17902.87,18652.25,0,0
683,CASH_OUT,1446.82,C898849474,19208.24,17761.42,C549117536,3598.6,4916.42,0,0
67,PAYMENT,6728.32,C907531631,5730.18,0.0,C213207719,12562.0,18858.39,0,0
7,CASH_IN,40635.81,C665708765,5707.15,0.0,C265603813,3400.15,37890.29,0,0
694,CASH_OUT,23488.24,C574073151,131221.55,107733.31,C374694812,23157.53,43521.25,0,0
140,CASH_OUT,11044.15,C111247793,1613.84,0.0,C153978064,399.57,11313.08,0,0
607,TRANSFER,20995.93,C243571540,27668.48,6672.55,C778737104,792.87,17001.91,0,0
24,PAYMENT,2331.45,C229045834,179330.66,176999.21,C591615290,389.14,2583.33,0,0
115,PAYMENT,5221.7,C922894861,37357.27,32135.57,C876807509,4440.08,9210.34,0,0
83,CASH_IN,7815.23,C144846304,1814.12,0.0,C412889272,313.2,6112.31,0,0
525,CASH_IN,467.97,C600995716,1953.99,1486.02,C835405791,1414.74,1872.39,0,0
461,PAYMENT,1001.89,C426521797,4326.71,3324.82,C155110313,669.47,1627.88,0,0
354,CASH_OUT,1076.19,C105483164,16930.33,15854.14,C486728744,70503.47,71508.47,0,0
180,PAYMENT,32060.97,C927311795,18749.34,0.0,C699154013,826.15,24488.17,0,0
67,PAYMENT,12602.35,C116456086,1983.18,0.0,C519604886,485.03,9834.73,0,0
423,CASH_OUT,24340.82,C870219914,3607.84,0.0,C765547337,7684.87,29712.33,0,0
172,PAYMENT,295.49,C799869344,3955.16,3659.67,C872740145,102362.74,102579.09,0,0
439,TRANSFER,560.92,C814314503,10187.12,9626.2,C347012637,3988.14,4399.85,0,0
511,CASH_OUT,26736.58,C245742717,262247.29,235510.71,C624787850,4583.9,26510.14,0,0
632,PAYMENT,54.51,C892976449,3295.19,3240.68,C881634646,50179.58,50217.82,0,0
368,PAYMENT,73447.99,C638864591,3085.79,0.0,C988634347,23880.39,91191.43,0,0
4,CASH_OUT,304.3,C461766448,2441.31,2137.01,C833989287,10569.7,10832.03,0,0
209,PAYMENT,36975.87,C712973765,34659.14,0.0,C320498739,1722.94,28473.22,0,0
635,CASH_IN,1636.88,C407297944,12556.42,10919.54,C284756450,11167.07,12579.82,0,0
397,PAYMENT,53531.56,C351429033,3483.04,0.0,C615679924,424.36,38765.07,0,0
461,PAYMENT,2609553.38,C359403624,7752.78,0.0,C461966102,1599.4,1883632.34,0,0
341,PAYMENT,135.41,C612382427,4075.44,3940.03,C930997416,64642.85,64757.36,0,0
121,CASH_OUT,28330.06,C640942522,20823.49,0.0,C594196476,51204.71,75283.76,0,0
667,PAYMENT,312.72,C316232871,749052.92,748740.2,C419986200,10801.85,11052.56,0,0
575,CASH_IN,17469.02,C321049865,30524.86,13055.84,C495249853,152.5,15639.34,0,0
740,CASH_IN,5584.83,C951683884,11620.4,6035.57,C644506778,558.47,5116.85,0,0
636,CASH_OUT,10235.41,C874153140,4927.25,0.0,C483676420,1446.57,10413.69,0,0
217,DEBIT,1570.21,C397159402,1780.95,210.74,C210713523,3608.12,4872.04,0,0
189,CASH_OUT,33023.48,C359238512,40156.3,7132.82,C290448014,517.63,30717.28,0,0
185,CASH_OUT,597.62,C354337670,37013.25,36415.63,C732888279,3154.66,3676.85,0,0
683,PAYMENT,75731.32,C575933041,6639.88,0.0,C262529145,118318.03,174966.05,0,0
414,CASH_OUT,3879.07,C550569571,82454.42,78575.35,C218896625,10112.27,13626.24,0,0
338,CASH_OUT,648.82,C365446300,13789.47,13140.65,C151793380,7287.3,7894.06,0,0
720,CASH_OUT,143040.96,C615183264,42707.98,0.0,C490972288,787.14,103742.62,0,0
449,CASH_IN,7178.05,C658956999,20833.04,13654.99,C539678046,257.19,6595.32,0,0
676,PAYMENT,251134.7,C935835935,10242.45,0.0,C661897238,538.75,235884.33,0,0
732,CASH_OUT,73016.52,C307630000,3189.67,0.0,C615200744,239.15,53862.18,0,0
60,CASH_IN,1926.26,C999363472,10739.62,8813.36,C583112616,5625.49,7494.92,0,0
269,TRANSFER,6953.62,C595437042,47243.77,40290.15,C324972689,9808.4,15541.24,0,0
546,PAYMENT,10075.56,C124183979,6234.15,0.0,C741094114,864.78,10147.92,0,0
605,PAYMENT,126417.57,C195105628,25838.27,0.0,C171650960,6414.11,129003.12,0,0
111,PAYMENT,17810.29,C655749038,2633.04,0.0,C863731288,69160.76,86915.68,0,0
237,PAYMENT,11129.19,C429114882,43048.71,31919.52,C426399411,166684.02,176424.04,0,0
408,CASH_OUT,5654.56,C762622897,21362.92,15708.36,C221663321,19667.81,24820.71,0,0
594,PAYMENT,7398.24,C970872465,2201.37,0.0,C558023214,3587.77,9325.18,0,0
84,PAYMENT,84818.23,C541954381,9546.96,0.0,C459639367,18556.73,85309.86,0,0
447,CASH_OUT,8157.31,C473868262,54022.79,45865.48,C976842091,56008.46,63800.57,0,0
221,CASH_OUT,3979.87,C222568873,2021.21,0.0,C260213336,132.55,3393.95,0,0
161,CASH_IN,2933.31,C850599964,2680.01,0.0,C475649696,70807.79,73584.84,0,0
383,PAYMENT,2990.58,C133426026,12037.17,9046.59,C910167777,1844.09,3982.89,0,0
308,PAYMENT,649.52,C838780022,327746.62,327097.1,C788053563,1876.32,2373.51,0,0
473,PAYMENT,2099.23,C322535436,4871.38,2772.15,C573390205,2594.45,4171.03,0,0
237,CASH_OUT,120229.36,C725373657,28082.76,0.0,C885909722,8744.25,111915.5,0,0
612,CASH_IN,5586.57,C773930621,19736.07,14149.5,C301565666,664.97,4710.54,0,0
59,CASH_OUT,28794.54,C756570957,5517.72,0.0,C828667780,2943.44,26070.1,0,0
641,CASH_OUT,93.53,C338243695,17012.44,16918.91,C622376773,12651.09,12744.23,0,0
23,PAYMENT,22538.05,C677848150,6824.32,0.0,C414959824,7283.95,28430.62,0,0
547,PAYMENT,6060.61,C134217883,7811.04,1750.43,C296255825,9754.33,15379.65,0,0
258,PAYMENT,3406.39,C921189799,1105.54,0.0,C569468221,2743.13,5265.68,0,0
285,PAYMENT,11223.08,C277201129,12878.9,1655.82,C102724290,17131.56,26215.16,0,0
15,TRANSFER,3319.32,C976109386,51464.13,48144.81,C312306413,32910.57,35911.82,0,0
522,CASH_OUT,177.16,C939051502,14561.53,14384.37,C450298084,29542.66,29667.82,0,0
123,CASH_IN,42618.61,C765311767,68580.37,25961.76,C433829059,10611.55,45993.22,0,0
490,CASH_IN,12549.44,C670673813,31904.14,19354.7,C268975483,26635.67,38916.26,0,0
539,CASH_OUT,4605.03,C307605286,12218.27,7613.24,C899737213,23574.22,26911.49,0,0
629,CASH_OUT,1423.49,C831504536,5208.84,3785.35,C783454577,607868.73,609252.19,0,0
527,CASH_IN,574.93,C200244780,6442.07,5867.14,C151873657,44025.34,44461.34,0,0
225,TRANSFER,12124.78,C323820307,1471.79,0.0,C860668864,4189.18,13364.39,0,0
549,CASH_IN,147885.52,C954027500,8949.76,0.0,C727238473,952.39,113142.9,0,0
614,TRANSFER,11680.78,C768555640,16630.57,4949.79,C600051717,3071.58,14511.47,0,0
236,PAYMENT,672.52,C200968899,175103.35,174430.83,C644174523,2704.81,3297.38,0,0
93,PAYMENT,12151.53,C229672010,29509.88,17358.35,C106853233,12339.5,23582.54,0,0
662,PAYMENT,7361.23,C331363043,3650.86,0.0,C526465373,1393.45,7355.47,0,0
110,CASH_OUT,38379.49,C264370593,1542.17,0.0,C269863041,42020.75,78940.87,0,0
442,PAYMENT,24151.93,C614584993,9800.34,0.0,C686193406,402.94,21525.76,0,0
176,CASH_IN,37.54,C106717438,45145.54,45108.0,C938150240,260.2,293.23,0,0
94,PAYMENT,21621.34,C358702383,9595.75,0.0,C577735274,3853.71,23868.5,0,0
577,CASH_OUT,1331.07,C382721296,30120.95,28789.88,C643756101,1078.57,2319.25,0,0
107,CASH_OUT,626.96,C973782087,10181.34,9554.38,C700708462,510.39,1077.51,0,0
498,PAYMENT,5771.85,C976760984,39163.51,33391.66,C936592172,1561.3,5807.49,0,0
515,PAYMENT,16979.26,C860925558,1216.96,0.0,C134367663,1248.03,17548.42,0,0
45,CASH_OUT,422.71,C574578967,148193.36,147770.65,C379108018,5005.25,5334.23,0,0
129,PAYMENT,28803.08,C553874391,2518.14,0.0,C341525058,1608.65,30378.84,0,0
591,CASH_IN,32016.6,C771342205,43940.8,11924.2,C744906140,1862.28,27976.7,0,0
377,PAYMENT,8818.06,C915917545,8881.48,63.42,C503111623,4871.91,11362.0,0,0
91,CASH_OUT,1699.82,C595972091,11229.04,9529.22,C794822643,30504.66,31855.72,0,0
737,CASH_OUT,1390.08,C927278967,9305.37,7915.29,C525168634,69379.16,70591.39,0,0
197,CASH_IN,51363.23,C769232356,19602.39,0.0,C978129642,6412.35,48398.39,0,0
3,CASH_OUT,533.68,C764946811,26536.78,26003.1,C790282730,7375.93,7882.18,0,0
687,CASH_OUT,55052.74,C695472281,65351.93,10299.19,C116358834,3534.27,53338.39,0,0
13,CASH_OUT,6018.79,C402098256,110406.39,104387.6,C989613305,11687.18,16285.75,0,0
412,CASH_IN,6819.2,C647706720,21976.57,15157.37,C957013493,9920.86,15796.66,0,0
738,CASH_IN,374.44,C420925689,174645.13,174270.69,C452431195,53451.28,53801.85,0,0
430,CASH_OUT,6222.39,C684684016,15359.03,9136.64,C973509951,164.08,6183.43,0,0
435,CASH_IN,24451.67,C329312015,67249.21,42797.54,C854193164,3222.47,23235.75,0,0
289,PAYMENT,731.04,C819247925,25414.61,24683.57,C521450418,9050.2,9764.67,0,0
95,TRANSFER,19881.49,C614230203,5861.69,0.0,C590241626,4687.66,18819.24,0,0
426,CASH_OUT,9511.17,C739172255,17533.2,8022.03,C126684454,906.41,9495.07,0,0
667,PAYMENT,2543.36,C299611930,28417.43,25874.07,C608184588,473.97,2850.98,0,0
68,CASH_IN,37737.57,C812597428,12729.82,0.0,C699713553,20981.16,52210.6,0,0
655,CASH_IN,153.84,C822344301,24817.01,24663.17,C423440099,1258.32,1366.51,0,0
309,PAYMENT,15123.81,C231037874,48925.03,33801.22,C376086833,208.76,13912.6,0,0
399,PAYMENT,149489.78,C709906359,12899.45,0.0,C845625331,22967.4,142973.2,0,0
123,PAYMENT,108217.42,C886189978,161.45,0.0,C503806534,11228.04,91908.88,0,0
462,CASH_IN,16344.59,C763319720,165612.37,149267.78,C337612213,3989.52,16201.1,0,0
136,PAYMENT,4707.79,C524526722,8549.37,3841.58,C437339341,947.48,5329.25,0,0
203,CASH_OUT,2580.03,C918971531,3885.78,1305.75,C543017247,4007.03,5958.09,0,0
537,CASH_OUT,4697.25,C887119594,2474.6,0.0,C604157048,43829.29,47799.54,0,0
38,CASH_IN,21565.56,C907141494,8065.34,0.0,C875101172,268.69,21642.68,0,0
333,TRANSFER,1894.98,C374240442,5743.81,3848.83,C768268983,294.37,2052.24,0,0
442,CASH_IN,31677.53,C492781714,4422.61,0.0,C308205092,1587.67,28962.06,0,0
99,PAYMENT,376882.57,C319448907,4802.11,0.0,C524471803,4684.63,328231.76,0,0
220,PAYMENT,7248.94,C959087981,29572.92,22323.98,C589332194,2011.58,7449.72,0,0
256,PAYMENT,720.6,C880387133,280841.34,280120.74,C712254608,15631.91,16232.84,0,0
494,PAYMENT,720.15,C322317854,45745.9,45025.75,C780784822,34888.1,35423.51,0,0
726,PAYMENT,32788.0,C596845102,71962.27,39174.27,C536764686,8117.55,31891.3,0,0
622,CASH_IN,7276.88,C513913406,7584.67,307.79,C383548035,13477.52,18809.59,0,0
141,CASH_IN,39273.12,C431130546,15630.79,0.0,C693388573,8020.69,42658.93,0,0
14,DEBIT,3100.93,C706541847,25329.46,22228.53,C213175590,4999.61,7350.32,0,0
39,CASH_OUT,36138.8,C925499734,4967.46,0.0,C706729128,478.95,27395.26,0,0
443,CASH_IN,6094.01,C509712164,7054.39,960.38,C906675970,772.49,6623.59,0,0
117,CASH_IN,2167.85,C845102277,48138.04,45970.19,C738497404,431.97,2028.82,0,0
172,CASH_OUT,3937.11,C724878039,68558.26,64621.15,C490277967,3761.94,7351.37,0,0
630,CASH_IN,939.46,C277217523,14781.26,13841.8,C840969814,7465.89,8241.04,0,0
650,CASH_IN,290932.69,C415375479,2224.45,0.0,C578990241,361.89,254556.74,0,0
624,PAYMENT,6812.49,C665113222,8575.05,1762.56,C586650304,5600.84,10417.32,0,0
189,CASH_OUT,25851.54,C748572045,1537.64,0.0,C866908759,1017.0,19113.23,0,0
461,TRANSFER,3082.93,C949325048,14955.04,11872.11,C273950347,717.26,3631.17,0,0
454,TRANSFER,1219.91,C953486275,19596.47,18376.56,C801782965,1594.59,2622.53,0,0
138,CASH_IN,5318.86,C460185964,8901.14,3582.28,C711676757,654.02,4491.0,0,0
412,PAYMENT,58814.67,C497104882,19198.1,0.0,C789158181,14646.94,61877.29,0,0
391,PAYMENT,3173.79,C955730658,24968.04,21794.25,C905945852,3632.19,6335.96,0,0
295,PAYMENT,1690.94,C284529802,19639.4,17948.46,C812941775,21319.67,22572.06,0,0
559,CASH_IN,10719.67,C572117349,2203.28,0.0,C491563129,2212.12,11472.86,0,0
504,CASH_IN,19895.34,C711602552,9137.15,0.0,C122966915,2367.91,19450.55,0,0
396,CASH_IN,155924.42,C120319590,24705.09,0.0,C548239750,143213.06,280559.17,0,0
540,PAYMENT,15317.49,C671404747,142638.35,127320.86,C152145925,264.67,14710.27,0,0
567,TRANSFER,25827.29,C334011951,8884.93,0.0,C988657226,49615.88,70893.27,0,0
422,PAYMENT,29575.32,C352580963,30523.75,948.43,C676112964,96581.58,125168.14,0,0
199,PAYMENT,1016.96,C659556628,49872.64,48855.68,C823346551,19505.88,20362.57,0,0
564,TRANSFER,1430.82,C108001301,9947.32,8516.5,C117597474,2711.22,3909.02,0,0
534,PAYMENT,1151.69,C509472701,74802.88,73651.19,C594386919,64114.37,65147.1,0,0
731,CASH_IN,736.67,C625661240,81085.61,80348.94,C200235348,2754.05,3406.19,0,0
112,PAYMENT,33922.3,C198207245,105934.59,72012.29,C149000488,1379.65,25241.63,0,0
312,CASH_OUT,13658.13,C376792683,26572.93,12914.8,C320051673,2443.33,16029.47,0,0
687,CASH_IN,9349.64,C580946931,460563.43,451213.79,C364921990,1761.02,10949.92,0,0
383,CASH_OUT,76.18,C370536971,5308.56,5232.38,C753328021,894.33,954.08,0,0
701,PAYMENT,327701.48,C577069222,323229.02,0.0,C901736778,36243.46,320549.07,0,0
10,CASH_OUT,1620.21,C626267959,42296.06,40675.85,C798239828,1221.45,2730.1,0,0
27,CASH_OUT,325547.27,C425732938,99765.83,0.0,C765880473,4659.37,322439.2,0,0
592,CASH_IN,596.67,C534136724,8266.31,7669.64,C608940058,365.48,888.03,0,0
267,CASH_IN,1877.47,C226142590,47415.86,45538.39,C329541758,5195.04,6519.94,0,0
387,CASH_IN,153.68,C312967983,113602.55,113448.87,C951210300,613.59,752.55,0,0
319,PAYMENT,15550.14,C494124271,2614.85,0.0,C569567704,587.06,11906.37,0,0
304,PAYMENT,1116.26,C633102621,10456.83,9340.57,C607904642,4037.1,5043.24,0,0
699,CASH_IN,1174.5,C966598654,538.14,0.0,C113461800,32943.53,33972.66,0,0
70,CASH_OUT,685.04,C673662439,10224.08,9539.04,C512185292,10858.95,11470.14,0,0
574,CASH_IN,32834.63,C120693059,3928.4,0.0,C713620848,12288.47,37136.97,0,0
662,CASH_IN,29162.37,C572106196,9636.84,0.0,C545611592,3889.94,28622.05,0,0
489,CASH_OUT,211432.48,C624525501,1072459.36,861026.88,C652867799,2686.11,189885.69,0,0
294,PAYMENT,2358.37,C139171223,175730.22,173371.85,C828735496,20415.57,22278.89,0,0
119,PAYMENT,12014.56,C446516650,1541.99,0.0,C119616885,1783.41,10848.24,0,0
508,CASH_OUT,795.68,C884361089,30748.84,29953.16,C913952005,22070.15,22680.28,0,0
349,CASH_OUT,4433.43,C421204296,44284.79,39851.36,C477916501,45465.29,49709.88,0,0
111,CASH_IN,3184.59,C510858038,8047.8,4863.21,C787083881,1080.85,3753.88,0,0
268,CASH_IN,18694.97,C299044413,17456.4,0.0,C159876848,1408.1,18202.2,0,0
715,PAYMENT,50546.01,C169288995,20210.82,0.0,C377401370,1840.42,45030.3,0,0
198,PAYMENT,48238.85,C386382445,1772.39,0.0,C196994893,350.54,46188.94,0,0
133,PAYMENT,1777.46,C795545412,2844.11,1066.65,C671838985,2111.33,3626.7,0,0
507,PAYMENT,48885.8,C984849806,17299.71,0.0,C641343666,51154.69,86743.43,0,0
149,PAYMENT,7484.93,C694138976,15507.88,8022.95,C740400594,748.42,6432.44,0,0
684,PAYMENT,4517.55,C847798332,4615.41,97.86,C940616006,53388.63,56568.89,0,0
639,CASH_OUT,2263.53,C684493995,4057.96,1794.43,C273933370,2252.51,4401.64,0,0
731,CASH_IN,2957.55,C692849943,11676.47,8718.92,C573703619,220855.55,223514.33,0,0
679,CASH_IN,186495.97,C484222601,50474.65,0.0,C714885522,1440.49,174464.1,0,0
182,CASH_IN,14091.67,C469447356,11911.64,0.0,C940196481,3792.7,16679.62,0,0
158,CASH_IN,11095.57,C582704772,152374.45,141278.88,C618655888,954.96,11466.28,0,0
255,CASH_OUT,5054.1,C785772586,4704.47,0.0,C475419699,1425.3,6459.64,0,0
350,PAYMENT,661828.34,C145534971,17848.32,0.0,C611031830,54650.98,647676.57,0,0
654,PAYMENT,84882.13,C281124550,7852.26,0.0,C707358675,11546.83,77388.17,0,0
545,DEBIT,2212.96,C369061987,32271.55,30058.59,C633101096,31315.61,32931.99,0,0
479,CASH_IN,4951.73,C423408282,4136.55,0.0,C276184705,460.33,4802.62,0,0
653,PAYMENT,5510.22,C515729357,240649.46,235139.24,C478694361,15973.58,21104.85,0,0
480,CASH_OUT,10536.17,C680007496,1057.94,0.0,C456853461,855.26,10005.62,0,0
282,CASH_IN,2293.41,C477040748,175118.88,172825.47,C647251054,442.67,2256.91,0,0
307,CASH_OUT,17851.98,C300126792,15290.43,0.0,C910226988,7553.6,23904.59,0,0
385,CASH_OUT,110609.21,C131078059,30596.38,0.0,C731387214,7415.81,99707.22,0,0
66,CASH_OUT,761.64,C770688425,98892.37,98130.73,C824452120,5410.1,6008.73,0,0
552,PAYMENT,1063.52,C688423262,48363.09,47299.57,C620298756,17882.99,18895.81,0,0
486,PAYMENT,3395.87,C334261278,4469.18,1073.31,C934681211,23680.79,26645.23,0,0
544,PAYMENT,3691.43,C881166488,32864.04,29172.61,C945589243,69252.38,72150.28,0,0
397,CASH_IN,295740.77,C246133093,219962.19,0.0,C237548426,576.73,236749.78,0,0
582,PAYMENT,49171.85,C325870006,3530.03,0.0,C675357933,73396.33,116249.57,0,0
706,PAYMENT,44346.11,C267619725,320501.67,276155.56,C555361981,145533.37,182202.15,0,0
424,CASH_IN,5034.86,C756336951,23826.5,18791.64,C974816520,2542.2,6309.06,0,0
331,PAYMENT,4839.83,C678529228,6975.49,2135.66,C114351873,243.89,4518.14,0,0
78,CASH_OUT,594.03,C162825489,3498.42,2904.39,C288932958,407.36,945.99,0,0
579,CASH_OUT,33094.83,C658383788,9557.38,0.0,C216569340,2140.23,25307.69,0,0
672,CASH_IN,19612.03,C203538533,711.29,0.0,C280873215,184509.25,201396.4,0,0
520,CASH_OUT,82026.3,C960097384,7166.22,0.0,C186226030,5068.22,76689.36,0,0
644,CASH_IN,5544.19,C670462180,9005.67,3461.48,C803829639,1618.2,6051.44,0,0
640,CASH_IN,6277.94,C783934782,2666.12,0.0,C544719154,1431.21,6463.73,0,0
593,CASH_IN,11004.75,C614004491,41018.06,30013.31,C704666725,454.46,9206.51,0,0
374,TRANSFER,40352.78,C445301603,9622.42,0.0,C999918349,23723.87,57361.88,0,0
75,CASH_OUT,574.56,C717399154,5147.71,4573.15,C682468782,4164.19,4706.33,0,0
3,CASH_OUT,30482.29,C852176254,8200.9,0.0,C779052500,215279.64,240906.34,0,0
152,CASH_OUT,7809.59,C260235017,22757.75,14948.16,C556092481,15226.26,23020.97,0,0
321,PAYMENT,1205.26,C753929115,14910.66,13705.4,C781214124,21892.19,22871.88,0,0
553,CASH_OUT,190.13,C177259549,4668.24,4478.11,C120762957,3178.65,3351.63,0,0
339,PAYMENT,6338.18,C942486820,16130.71,9792.53,C246820451,689.62,6170.18,0,0
18,CASH_OUT,109741.55,C262210185,12381.84,0.0,C216951447,1020.0,102935.51,0,0
157,CASH_IN,165120.77,C216635030,2418.26,0.0,C713244659,417.95,160008.72,0,0
728,CASH_OUT,15362.38,C276517017,8666.7,0.0,C566425776,25303.82,38415.69,0,0
735,CASH_OUT,276954.97,C711589469,31856.84,0.0,C385267046,2458.12,237411.14,0,0
281,PAYMENT,7500.36,C718271408,31514.64,24014.28,C995879076,27296.15,34667.62,0,0
599,PAYMENT,45068.84,C838194359,9462.14,0.0,C524336250,6276.99,50448.86,0,0
535,CASH_OUT,3596.74,C144358971,36870.21,33273.47,C703453897,2901.34,6494.84,0,0
692,TRANSFER,3209.02,C868859295,3071.95,0.0,C175207740,598.67,2995.62,0,0
660,CASH_OUT,2393.43,C372104825,3218.01,824.58,C950898271,8458.6,10136.56,0,0
468,CASH_OUT,198.55,C658578797,9164.73,8966.18,C116058112,3315.82,3480.85,0,0
294,CASH_OUT,82188.12,C915026591,126291.65,44103.53,C408018180,24932.59,100545.83,0,0
466,CASH_IN,2553.09,C329937845,17066.58,14513.49,C752732086,1355.95,3198.92,0,0
238,PAYMENT,1914.88,C845494158,8839.2,6924.32,C972763361,14898.17,16453.21,0,0
259,CASH_IN,968.79,C399998104,135429.57,134460.78,C694911704,94233.13,95080.28,0,0
453,CASH_OUT,5609.14,C565280189,8687.08,3077.94,C269031131,8027.28,12311.34,0,0
425,CASH_OUT,193742.68,C441241695,381589.18,187846.5,C145245719,20201.75,198317.65,0,0
432,CASH_IN,351091.42,C104694688,6204.78,0.0,C481426500,13758.37,283698.97,0,0
286,CASH_IN,407.66,C932070393,2928.97,2521.31,C618960943,149726.36,150114.53,0,0
304,PAYMENT,4281.22,C673393665,10409.32,6128.1,C975761106,9593.19,13037.35,0,0
8,CASH_IN,1259.1,C515500501,9194.62,7935.52,C654919371,17325.35,18432.85,0,0
448,CASH_OUT,48002.48,C197032460,3977.54,0.0,C537123256,4604.1,46042.06,0,0
428,CASH_OUT,13573.42,C530873573,661960.47,648387.05,C517809488,1219.38,11927.91,0,0
695,CASH_OUT,2576.47,C684179017,21545.88,18969.41,C200305541,558.52,2701.43,0,0
375,CASH_IN,9233.85,C334285169,26805.82,17571.97,C645752266,48072.39,56879.56,0,0
348,PAYMENT,3431.14,C769953826,6682.06,3250.92,C806266762,800.27,3766.5,0,0
51,TRANSFER,75048.35,C109963219,75048.35,0.0,C479099066,18817.75,124957.48,1,0
147,CASH_IN,21688.28,C262962837,62214.14,40525.86,C483272968,10392.4,30213.53,0,0
252,TRANSFER,27056.49,C217101611,1081.64,0.0,C919412353,25642.68,46063.18,0,0
281,DEBIT,66.66,C356125224,2405.96,2339.3,C649750887,1945.97,2002.35,0,0
270,PAYMENT,7185.21,C563374897,9219.14,2033.93,C368042582,1184.04,7223.65,0,0
293,PAYMENT,344476.01,C990650740,101373.9,0.0,C103548099,9711.53,301119.66,0,0
572,PAYMENT,88170.91,C296463686,7617.66,0.0,C840909874,2903.83,65443.83,0,0
98,PAYMENT,291.56,C151659213,24939.98,24648.42,C663760029,536.01,763.93,0,0
247,CASH_OUT,4609.31,C387454139,13927.12,9317.81,C663525647,161030.0,164326.67,0,0
122,CASH_OUT,931.94,C284722264,93375.81,92443.87,C354564871,1182.59,1950.96,0,0
229,CASH_OUT,176307.13,C389279327,1240.06,0.0,C267522672,821.77,157100.59,0,0
509,CASH_IN,12577.95,C972151584,40293.47,27715.52,C544933668,3178.47,14451.11,0,0
35,PAYMENT,2034.42,C441447328,9913.49,7879.07,C782030887,46870.58,48334.07,0,0
253,CASH_IN,8616.93,C671245061,53494.08,44877.15,C367948543,99.47,6438.66,0,0
18,CASH_OUT,74.2,C716302826,3909.16,3834.96,C574336220,40367.91,40434.58,0,0
710,CASH_IN,1149.49,C217126831,13857.61,12708.12,C297426669,952.75,1940.57,0,0
541,CASH_IN,8652.46,C322969418,11455.67,2803.21,C307758083,7912.08,16132.12,0,0
181,PAYMENT,37131.3,C474144596,2970.09,0.0,C312355203,1455.62,29732.69,0,0
148,PAYMENT,246.07,C514242409,1957.42,1711.35,C921573641,177273.73,177454.86,0,0
74,CASH_OUT,4080.28,C111861080,5593.63,1513.35,C575889459,6150.67,9450.01,0,0
352,CASH_IN,49882.94,C680377210,16234.55,0.0,C926169968,1373.94,45825.63,0,0
560,CASH_OUT,594.3,C370623426,4292.53,3698.23,C952980278,2858.45,3361.1,0,0
435,CASH_OUT,12240.79,C390089852,8142.8,0.0,C478900587,5775.31,14705.92,0,0
655,PAYMENT,9124.83,C642705531,789.42,0.0,C149432865,6767.03,13349.57,0,0
256,DEBIT,177350.73,C953895322,7661.98,0.0,C373602803,10826.72,171029.07,0,0
207,CASH_OUT,5354.83,C878466887,62030.41,56675.58,C589404078,4902.36,9127.81,0,0
356,CASH_OUT,5949.84,C981705371,38475.25,32525.41,C102032749,412.03,5771.91,0,0
151,TRANSFER,37757.05,C472152429,11726.62,0.0,C990405178,2663.82,32434.29,0,0
725,PAYMENT,744.4,C207706210,19254.1,18509.7,C372879754,14646.92,15238.3,0,0
139,CASH_OUT,5444.77,C409437895,3856.86,0.0,C656916604,1471.76,5625.82,0,0
356,CASH_OUT,3567.77,C370216731,152765.3,149197.53,C590302213,16498.2,20048.54,0,0
388,CASH_IN,6310.43,C287174862,297046.44,290736.01,C725004251,5203.53,9651.25,0,0
43,TRANSFER,37314.29,C268110635,17106.87,0.0,C727083407,3321.15,30865.65,0,0
349,CASH_OUT,21971.26,C692450138,650846.27,628875.01,C863058727,42169.77,63061.96,0,0
338,CASH_OUT,2105.63,C541881854,4816.13,2710.5,C926463856,215.16,1776.38,0,0
193,TRANSFER,10363.64,C133804832,2045.47,0.0,C305538953,1457.42,9584.68,0,0
96,PAYMENT,118515.01,C607444397,4608.07,0.0,C142275130,45178.28,137481.98,0,0
34,CASH_IN,1814.46,C858117598,9611.97,7797.51,C926134609,132466.95,134116.47,0,0
7,CASH_IN,10522.81,C483086836,428523.06,418000.25,C347372277,300976.2,309640.26,0,0
358,CASH_IN,5723.36,C345299385,8762.72,3039.36,C528209744,5381.06,10830.71,0,0
67,DEBIT,7234.32,C441476130,3679.44,0.0,C719877018,11206.12,17892.28,0,0
713,CASH_IN,430.44,C350759416,3471.39,3040.95,C905760063,21404.79,21774.68,0,0
182,PAYMENT,102680.05,C992915340,73867.87,0.0,C391372390,48782.92,128331.06,0,0
485,PAYMENT,2010.56,C408958584,59632.3,57621.74,C361847961,8634.88,10520.23,0,0
501,CASH_OUT,51376.16,C931309636,6449.66,0.0,C277868929,26031.64,75342.33,0,0
369,PAYMENT,2647.9,C868234318,801.37,0.0,C195629633,11244.03,13761.88,0,0
657,CASH_OUT,2628.3,C168308956,2458.02,0.0,C434871575,12581.76,14462.35,0,0
83,CASH_IN,71942.46,C541753306,176639.42,104696.96,C604438815,940.99,66364.57,0,0
174,PAYMENT,48484.15,C690895586,37541.86,0.0,C574383202,2717.36,46895.22,0,0
188,CASH_IN,11796.98,C479918015,14738.11,2941.13,C468053692,1917.96,13513.48,0,0
101,CASH_IN,31890.74,C511189846,220411.11,188520.37,C257042747,578.24,25422.51,0,0
220,CASH_OUT,4820.37,C544749522,252076.88,247256.51,C922684249,251.42,4762.82,0,0
233,CASH_IN,7981.95,C719932687,12658.58,4676.63,C456449682,2292.67,9530.14,0,0
569,CASH_OUT,2462.85,C364386930,13012.2,10549.35,C788176670,3056.46,5429.71,0,0
225,PAYMENT,41246.31,C637264634,5579.92,0.0,C663342223,5937.64,43388.98,0,0
652,PAYMENT,2325.89,C319141938,8717.56,6391.67,C938328926,13364.11,15587.05,0,0
575,PAYMENT,117392.87,C176205870,1437.29,0.0,C736151663,6895.47,101733.95,0,0
670,PAYMENT,4589.37,C160289482,1428.56,0.0,C695630849,3095.05,6524.63,0,0
79,CASH_OUT,8407.8,C133956449,1008.29,0.0,C223537951,946.5,7748.46,0,0
732,PAYMENT,31751.98,C414638120,67948.51,36196.53,C114575645,23830.57,53820.81,0,0
457,CASH_OUT,8458.74,C645622315,1284.21,0.0,C591426770,4091.72,10346.92,0,0
730,CASH_OUT,4739.87,C509181387,248934.09,244194.22,C734507448,2251.11,6476.15,0,0
264,TRANSFER,7676.8,C264056813,4466.83,0.0,C325778326,3513.55,11161.69,0,0
709,CASH_OUT,40492.54,C214600095,180958.84,140466.3,C552884191,1314.3,40531.51,0,0
438,CASH_IN,2457.42,C524788526,7726.56,5269.14,C875943022,1890.86,4105.87,0,0
54,CASH_OUT,6456.05,C756074805,1275.02,0.0,C186136196,1785.72,7840.13,0,0
305,CASH_OUT,8254.52,C131979584,91644.14,83389.62,C445500917,2930.1,8996.7,0,0
103,CASH_OUT,38416.92,C305706301,109403.53,70986.61,C950072344,16000.24,48641.18,0,0
700,CASH_OUT,6770.15,C705046192,3432.09,0.0,C279653533,10227.16,16046.6,0,0
227,PAYMENT,210015.87,C833945965,8123.54,0.0,C385002627,79548.91,275873.58,0,0
166,CASH_OUT,6113.35,C798576245,3433.4,0.0,C521152467,43525.94,48323.56,0,0
411,CASH_OUT,5282.58,C702893045,11150.17,5867.59,C329678176,166301.75,170168.31,0,0
316,CASH_OUT,5955.93,C724349414,15705.15,9749.22,C813077574,13446.65,18863.18,0,0
73,PAYMENT,757.52,C443127901,7886.64,7129.12,C312239339,13063.66,13705.87,0,0
607,CASH_IN,1253.75,C647399707,872.76,0.0,C615935620,2043.97,3238.4,0,0
629,CASH_IN,3117.54,C656349167,5589.7,2472.16,C110877038,21738.21,24370.81,0,0
553,CASH_OUT,62598.32,C799189014,38379.48,0.0,C790611643,1508.68,61220.04,0,0
459,PAYMENT,7634.04,C377646549,9765.89,2131.85,C851458936,348.34,6855.22,0,0
300,PAYMENT,3386.8,C878964945,8175.03,4788.23,C347397304,76678.92,79844.93,0,0
403,DEBIT,73700.33,C504233112,3307.13,0.0,C457902883,518.78,68044.76,0,0
388,PAYMENT,132206.3,C321611718,5350.38,0.0,C908712866,10828.46,113926.21,0,0
123,CASH_OUT,77628.39,C214687684,110572.0,32943.61,C542081919,1007.68,62552.98,0,0
61,CASH_IN,1744.87,C464781346,2417.13,672.26,C535577498,37346.77,39038.87,0,0
189,CASH_IN,3322.76,C793996190,39388.72,36065.96,C502743663,47729.74,50285.95,0,0
338,CASH_IN,212081.29,C330893510,14336.77,0.0,C490403329,12740.23,205575.18,0,0
120,CASH_OUT,12507.1,C249896972,19287.57,6780.47,C772552721,46325.9,55625.38,0,0
80,CASH_OUT,5005.39,C128736530,4453.59,0.0,C277281053,4980.11,9617.84,0,0
633,CASH_OUT,29525.99,C180438519,7881.98,0.0,C902034154,274172.96,296819.01,0,0
279,CASH_OUT,49669.1,C842692207,13245.59,0.0,C906530410,18827.94,62448.32,0,0
435,CASH_OUT,2896.88,C805243656,6118.06,3221.18,C261452808,971.66,3489.84,0,0
390,PAYMENT,12027.99,C555392020,21963.74,9935.75,C976733427,5570.79,14724.74,0,0
547,PAYMENT,42950.7,C613098579,26533.37,0.0,C335842687,3734.97,40132.29,0,0
550,CASH_OUT,1003.73,C272841943,347687.7,346683.97,C146572469,3131.4,4098.77,0,0
220,CASH_OUT,8285.16,C110286194,20277.86,11992.7,C458259372,248.92,7740.02,0,0
630,DEBIT,1090.18,C194523176,758.72,0.0,C816171741,9861.13,10948.91,0,0
276,DEBIT,1379.61,C813360943,76460.43,75080.82,C860138246,405.71,1696.15,0,0
621,CASH_OUT,2940.75,C540735296,9839.83,6899.08,C681144901,52.16,2678.36,0,0
301,CASH_OUT,19126.21,C296556697,273180.5,254054.29,C830069174,2645.92,19265.84,0,0
83,PAYMENT,4538.53,C234749844,121344.23,116805.7,C335292632,1260.66,5714.0,0,0
565,PAYMENT,2522.1,C422655064,6261.02,3738.92,C891090375,1042.35,3206.57,0,0
23,CASH_IN,8891.03,C248774632,39452.56,30561.53,C671640506,18.44,7316.21,0,0
574,CASH_OUT,1028.1,C308300786,5481.13,4453.03,C220224205,1062.61,2039.66,0,0
33,PAYMENT,17533.1,C201593397,13413.76,0.0,C215778872,3595.52,20814.31,0,0
154,CASH_IN,62099.68,C348677038,36826.66,0.0,C162465857,1569.52,53961.47,0,0
449,PAYMENT,7026.42,C301114663,70933.66,63907.24,C994140167,9869.64,15077.42,0,0
700,CASH_IN,5626.44,C594557692,51164.89,45538.45,C316084981,60282.02,65247.42,0,0
304,CASH_OUT,15870.11,C547671544,14950.27,0.0,C672732872,12449.82,27086.26,0,0
90,CASH_OUT,210.35,C289005946,554119.61,553909.26,C979772816,31179.3,31350.12,0,0
174,CASH_IN,21295.93,C729129233,7726.95,0.0,C327900361,36186.02,55871.2,0,0
666,PAYMENT,2155200.78,C407228838,1198.95,0.0,C726562944,785.29,1852782.52,0,0
540,CASH_OUT,6497.57,C530137795,1600.31,0.0,C505030560,10833.59,15969.31,0,0
75,TRANSFER,6539.23,C225142475,121906.74,115367.51,C356779684,29474.57,35287.01,0,0
286,CASH_OUT,30899.42,C478026765,11908.65,0.0,C691040068,2242.33,27477.4,0,0
197,PAYMENT,156623.29,C624157087,16959.55,0.0,C494852561,1184.26,147791.12,0,0
133,PAYMENT,46861.05,C608405963,5920.72,0.0,C830884555,12768.44,45614.48,0,0
629,CASH_OUT,167.32,C134979071,6774.67,6607.35,C910400078,341.4,499.59,0,0
459,CASH_IN,22339.64,C643137987,4102.52,0.0,C389809593,693.39,18385.77,0,0
134,PAYMENT,830243.46,C257576327,27084.75,0.0,C409740684,1480.06,821667.59,0,0
484,CASH_OUT,24844.55,C415161116,11544.1,0.0,C309417556,11058.18,34107.7,0,0
308,TRANSFER,1014.06,C746921870,25655.37,24641.31,C726408103,7288.42,8071.59,0,0
46,CASH_OUT,13457.52,C522035084,22229.1,8771.58,C822850307,31516.53,44888.46,0,0
335,CASH_OUT,808.16,C218129768,7052.81,6244.65,C694448653,935.08,1621.91,0,0
138,CASH_IN,74536.68,C808282104,1498.03,0.0,C639284042,849.08,64717.86,0,0
183,PAYMENT,1450.13,C181285618,1314.62,0.0,C794090683,12620.04,14030.81,0,0
654,TRANSFER,9261.66,C744106878,1251655.19,1242393.53,C263315887,1167.24,10202.18,0,0
528,CASH_IN,1730.21,C447196791,122670.87,120940.66,C429336247,1658.54,3231.41,0,0
100,PAYMENT,3030.23,C103549141,99735.19,96704.96,C736330201,173.79,3184.43,0,0
633,PAYMENT,117603.16,C725128479,4856.58,0.0,C147012848,8295.95,102221.02,0,0
427,CASH_IN,9761.71,C124073085,13551.66,3789.95,C919804190,78772.79,86286.39,0,0
650,CASH_IN,2961.45,C275529893,3932.21,970.76,C253935316,770.69,2869.7,0,0
556,PAYMENT,1031.31,C625589323,1866.61,835.3,C808294983,30917.16,31746.23,0,0
253,PAYMENT,278.92,C150508819,5523.9,5244.98,C654898318,4416.41,4662.08,0,0
398,CASH_IN,852.09,C181944454,97662.94,96810.85,C862859240,204.85,879.38,0,0
395,PAYMENT,9912.25,C578208794,47151.36,37239.11,C564256975,981.9,9644.08,0,0
535,CASH_OUT,47307.34,C994543727,3117.94,0.0,C780443770,878.63,34680.47,0,0
185,PAYMENT,2955.34,C514672561,8331.31,5375.97,C411847556,2780.12,5162.8,0,0
248,PAYMENT,136896.23,C361678443,41096.77,0.0,C625313426,10458.03,137005.11,0,0
182,PAYMENT,2227.2,C543665861,5673.39,3446.19,C176282330,137044.52,138673.27,0,0
221,CASH_OUT,5279.46,C854815667,15053.7,9774.24,C420221086,373.88,5201.69,0,0
120,CASH_OUT,1160.68,C755158929,24410.56,23249.88,C115559764,2053.7,3131.96,0,0
28,CASH_OUT,48212.38,C363890853,24014.09,0.0,C803927581,979.69,42954.76,0,0
699,CASH_IN,353457.7,C775632295,19559.53,0.0,C594438790,501.52,341880.25,0,0
56,PAYMENT,339.93,C708189855,5011.32,4671.39,C473696617,5836.03,6171.33,0,0
660,CASH_IN,4345.55,C556087545,5846.15,1500.6,C804440892,4927.88,8014.97,0,0
3,CASH_OUT,78952.66,C497018872,2439.44,0.0,C298118084,187.76,71539.25,0,0
578,CASH_IN,599.14,C932826588,1284.33,685.19,C246509615,5077.99,5540.02,0,0
245,CASH_OUT,22472.13,C886852249,11247.23,0.0,C466680853,561.32,19043.64,0,0
385,CASH_OUT,73031.78,C991216696,45450.97,0.0,C538777064,5020.53,69795.8,0,0
210,PAYMENT,9328.34,C707844847,1685.09,0.0,C927252358,48295.5,56818.63,0,0
365,PAYMENT,21817.63,C423293217,20119.8,0.0,C519283955,11310.9,32082.53,0,0
336,CASH_IN,192841.58,C198654181,43345.01,0.0,C729114315,6765.09,182562.57,0,0
394,PAYMENT,270267.58,C213277726,849.71,0.0,C155374213,1897.37,254116.4,0,0
293,PAYMENT,7247.84,C956074591,8902.86,1655.02,C410761343,5543.39,11919.47,0,0
399,CASH_OUT,3107.95,C426914360,157836.55,154728.6,C688120645,13546.15,15830.86,0,0
614,PAYMENT,1546.94,C199398091,30574.19,29027.25,C328563725,11333.29,12426.09,0,0
323,CASH_OUT,47029.74,C301018507,807.8,0.0,C635082706,4110.94,44506.43,0,0
269,CASH_IN,685.95,C118793453,35864.71,35178.76,C956827455,7268.3,7895.71,0,0
98,CASH_OUT,5142.87,C577905100,4352.02,0.0,C358704529,459.52,4227.49,0,0
268,CASH_IN,9748.24,C631857785,37682.85,27934.61,C915821578,1310.54,9389.77,0,0
94,PAYMENT,3276.71,C769709984,4745.15,1468.44,C663284061,17564.02,20109.54,0,0
136,PAYMENT,13408.93,C532404472,12338.15,0.0,C251907203,22374.1,34041.58,0,0
708,PAYMENT,819233.13,C963945084,5965.13,0.0,C757685285,5816.64,675253.67,0,0
67,CASH_OUT,6510.18,C786868818,13423.16,6912.98,C532348271,70413.36,75363.96,0,0
359,CASH_OUT,3700.67,C167773572,5704.89,2004.22,C377964816,12264.14,14859.49,0,0
620,TRANSFER,50392.48,C778803951,9553.78,0.0,C906491742,3230.43,43365.9,0,0
709,CASH_OUT,12472.11,C401645124,2290.65,0.0,C393844884,547.0,11208.77,0,0
110,CASH_IN,108099.18,C134326600,27889.05,0.0,C490285979,65494.4,171297.85,0,0
122,CASH_OUT,10899.12,C806464777,17377.44,6478.32,C965931147,19664.52,28037.69,0,0
277,CASH_OUT,5181.44,C806526500,1182.28,0.0,C909087366,125111.49,129534.76,0,0
412,CASH_OUT,326.78,C107654257,59241.35,58914.57,C687239182,242880.64,243164.92,0,0
714,CASH_IN,438.99,C755068277,10255.49,9816.5,C199361492,484.69,877.48,0,0
155,DEBIT,297.6,C694046206,17028.5,16730.9,C198511414,486.97,724.62,0,0
123,CASH_OUT,16039.51,C700893577,42059.58,26020.07,C723573083,28.4,11734.75,0,0
189,CASH_IN,697.81,C758097089,21858.9,21161.09,C558344867,25669.32,26350.67,0,0
650,CASH_IN,77655.62,C871733912,76711.33,0.0,C948072550,16021.21,92576.19,0,0
23,CASH_OUT,8556.48,C610604799,8604.64,48.16,C158832074,5860.57,12975.02,0,0
283,PAYMENT,5221.1,C758388781,63047.52,57826.42,C843084497,540.75,5104.89,0,0
89,CASH_OUT,1774.12,C461334409,16064.82,14290.7,C410184578,4187.0,5444.33,0,0
117,PAYMENT,24836.4,C727006939,28608.24,3771.84,C458006723,6853.19,24590.47,0,0
682,PAYMENT,1904.37,C801631074,24475.89,22571.52,C745372956,20108.67,21485.53,0,0
2,CASH_OUT,1375.15,C102867993,85913.43,84538.28,C413505908,8033.51,9300.88,0,0
239,PAYMENT,68804.87,C800869342,39423.55,0.0,C720919290,16233.66,69087.52,0,0
681,PAYMENT,15341.52,C590841348,6874.55,0.0,C797986811,3930.67,15518.64,0,0
452,CASH_OUT,5308.83,C567667426,5105.63,0.0,C163428787,41219.53,44948.99,0,0
54,CASH_IN,25708.56,C509761172,12398.97,0.0,C566660614,15323.06,33495.65,0,0
346,CASH_IN,8234.41,C472523098,4272.04,0.0,C462660094,580.29,7345.81,0,0
722,TRANSFER,16145.94,C823022565,2756.49,0.0,C961171774,59909.88,73835.81,0,0
298,PAYMENT,1862.5,C810123509,548.9,0.0,C932797772,44624.07,46251.37,0,0
393,PAYMENT,336622.53,C286246531,1307.81,0.0,C323673564,11360.01,293238.75,0,0
396,PAYMENT,2854.59,C846146702,262527.09,259672.5,C526093348,8146.08,10537.85,0,0
491,CASH_IN,133362.92,C890573744,4990.29,0.0,C832439503,97294.8,220781.22,0,0
140,PAYMENT,5767.74,C314228223,232161.95,226394.21,C244246968,259.83,4798.3,0,0
624,CASH_OUT,34640.36,C342989863,24458.47,0.0,C934962834,45899.25,72617.89,0,0
735,PAYMENT,30381.9,C542391114,12398.9,0.0,C795638407,2085.63,31139.76,0,0
106,CASH_IN,63852.64,C249473546,1406.83,0.0,C709192220,35288.75,93188.99,0,0
609,CASH_OUT,1784.47,C243600846,13453.62,11669.15,C318825617,6103.86,7608.28,0,0
607,PAYMENT,56170.32,C453281506,228268.0,172097.68,C836230679,524.65,44484.75,0,0
552,PAYMENT,224940.62,C296143755,138199.71,0.0,C858539178,2010.75,168686.02,0,0
276,PAYMENT,5086.54,C273729890,20158.03,15071.49,C363352891,30918.57,34536.25,0,0
349,CASH_OUT,8625.44,C920947180,2385.1,0.0,C628429906,3366.49,11609.91,0,0
624,CASH_OUT,3158.32,C635985379,3178.78,20.46,C454683705,1605.72,4378.77,0,0
114,TRANSFER,4343.41,C112434685,3718.64,0.0,C235601711,1586.51,4686.61,0,0
616,CASH_OUT,176409.11,C191453898,90874.29,0.0,C600745022,15615.91,147495.17,0,0
685,CASH_OUT,1329.26,C832544424,154443.04,153113.78,C579527891,114822.54,115864.51,0,0
507,CASH_OUT,1486.51,C342927237,17922.99,16436.48,C709438731,104.21,1262.08,0,0
254,CASH_OUT,147210.92,C237157598,8479.27,0.0,C932259561,760120.31,887386.7,0,0
416,CASH_OUT,24938.98,C698968581,136361.64,111422.66,C277060076,7092.15,27537.95,0,0
38,CASH_OUT,368304.92,C458690610,3078.32,0.0,C292926744,13966.31,369257.17,0,0
693,PAYMENT,3601.88,C768588950,14439.68,10837.8,C293876396,2241.12,5539.81,0,0
255,PAYMENT,10171.1,C479316467,26754.26,16583.16,C935342607,4883.77,14782.49,0,0
43,PAYMENT,2467.06,C197928251,3662.13,1195.07,C128206937,6950.18,9315.71,0,0
591,CASH_OUT,10487.53,C818132727,5146.79,0.0,C244400328,743.69,10983.83,0,0
489,CASH_OUT,332.5,C927053696,4579.72,4247.22,C792282953,1152.6,1483.11,0,0
463,PAYMENT,27803.53,C986060397,111869.72,84066.19,C621663242,41449.11,63511.46,0,0
41,PAYMENT,14505.07,C190055228,235991.46,221486.39,C927701317,300.6,11366.58,0,0
558,CASH_OUT,7305.64,C608561004,15870.05,8564.41,C454646971,10871.18,16347.09,0,0
474,PAYMENT,4013.2,C661077893,8934.47,4921.27,C165760468,2522.66,6088.09,0,0
590,PAYMENT,1618.8,C171160454,5432.95,3814.15,C926681593,871.95,2335.81,0,0
615,PAYMENT,30027.93,C956482953,13394.77,0.0,C229385539,171010.0,192820.82,0,0
158,PAYMENT,984.41,C192612676,5852.75,4868.34,C503912281,881.74,1813.31,0,0
157,CASH_IN,20361.73,C971650649,11550.16,0.0,C951536561,642.79,19679.38,0,0
687,CASH_OUT,339087.18,C600489366,24831.03,0.0,C566733956,3510.27,304803.53,0,0
395,DEBIT,117470.05,C711311421,7273.77,0.0,C304473077,1232.25,98812.71,0,0
326,CASH_IN,539.57,C544337348,10052.91,9513.34,C744161897,4971.54,5374.11,0,0
214,PAYMENT,3083.66,C777222206,10115.44,7031.78,C272838679,6501.05,9127.33,0,0
475,PAYMENT,17302.59,C708187381,8297.05,0.0,C709631200,7497.95,20435.98,0,0
561,CASH_IN,7140.17,C159974169,6890.01,0.0,C666078180,3932.37,10226.38,0,0
2,PAYMENT,652.67,C261655841,41910.64,41257.97,C347819328,1388.68,1906.24,0,0
411,PAYMENT,16213.0,C503525944,938.14,0.0,C487567593,15648.42,28200.39,0,0
739,PAYMENT,7958.29,C237289313,141693.25,133734.96,C855370289,4019.66,10643.47,0,0
209,CASH_OUT,254176.89,C818272393,16371.45,0.0,C256974176,2014.02,224218.98,0,0
209,PAYMENT,5136.81,C371678471,33357.11,28220.3,C750100122,70543.77,74705.81,0,0
653,CASH_OUT,66330.57,C879726666,39640.9,0.0,C848296186,3950.66,69556.97,0,0
47,DEBIT,828.19,C113494368,4618.9,3790.71,C943074225,35086.65,35667.85,0,0
296,CASH_IN,1273.58,C313601963,3389.58,2116.0,C392212748,44725.95,45966.24,0,0
341,PAYMENT,29702.65,C367167323,2840.1,0.0,C516493891,49901.74,70699.69,0,0
593,PAYMENT,56994.81,C636365611,9222.47,0.0,C612040482,17053.04,60654.84,0,0
96,CASH_OUT,1446.2,C241391712,38131.92,36685.72,C561718462,4909.17,6353.79,0,0
323,CASH_OUT,8461.99,C613958236,5565.58,0.0,C662092825,4379.65,12151.38,0,0
114,PAYMENT,673.95,C962449185,33252.91,32578.96,C480975349,3167.14,3769.21,0,0
586,PAYMENT,5847.7,C220300327,383.03,0.0,C460603800,99.44,5466.62,0,0
470,CASH_OUT,36550.9,C530641679,7492.44,0.0,C690678348,17923.22,47985.93,0,0
370,TRANSFER,3703.65,C753971615,76934.22,73230.57,C836169647,7631.49,11095.38,0,0
292,PAYMENT,5175.74,C222950354,10337.6,5161.86,C599616916,21719.02,25582.51,0,0
114,TRANSFER,1060.36,C308001649,3851.76,2791.4,C709750764,3981.43,4976.23,0,0
685,TRANSFER,2522.37,C654448548,4987.72,2465.35,C471746304,16263.61,18740.22,0,0
482,PAYMENT,191875.05,C174171568,142.3,0.0,C796321117,411.78,184094.93,0,0
238,PAYMENT,9239.7,C693337876,2928.65,0.0,C454406759,599.04,9117.1,0,0
308,PAYMENT,1333.88,C482920823,65242.22,63908.34,C478975743,56.99,1251.36,0,0
540,CASH_IN,4598.16,C875939775,5575.27,977.11,C335293502,3859.03,7796.56,0,0
535,CASH_OUT,456.98,C836950478,6655.4,6198.42,C764591372,1223.48,1597.55,0,0
343,PAYMENT,1305.72,C896833808,404.35,0.0,C178178696,966.72,2219.81,0,0
226,CASH_OUT,93771.06,C869562937,1157.18,0.0,C301578199,8976.58,92830.19,0,0
491,PAYMENT,6270.0,C258392497,79624.23,73354.23,C798990390,2284.92,7491.97,0,0
490,CASH_IN,243607.67,C397718397,33723.19,0.0,C885840267,372.57,228252.32,0,0
446,CASH_OUT,6825.18,C769906232,1908.06,0.0,C473748787,479538.85,484427.26,0,0
55,CASH_OUT,7594.95,C619903756,5188.2,0.0,C466208179,4598.02,11767.17,0,0
352,CASH_OUT,25683.64,C603541679,12787.73,0.0,C558301232,699.46,24924.54,0,0
457,CASH_IN,65.98,C438819323,2221.21,2155.23,C793131392,1471.88,1522.59,0,0
706,CASH_IN,11718.11,C633365491,661.02,0.0,C522408911,3598.75,11933.86,0,0
391,PAYMENT,7419.18,C529682576,10521.59,3102.41,C488024070,3585.16,10367.12,0,0
255,CASH_OUT,117579.5,C627148764,31536.88,0.0,C329181950,51220.53,140576.42,0,0
413,CASH_IN,46001.21,C396965822,32460.72,0.0,C715509619,4260.01,50206.32,0,0
132,CASH_IN,1052.95,C222088742,49655.08,48602.13,C228431927,138603.79,139343.76,0,0
68,CASH_OUT,75799.69,C369603156,1299.41,0.0,C974848418,2256.65,60541.88,0,0
504,CASH_IN,5053.49,C467962509,14571.94,9518.45,C676048886,10589.15,14190.36,0,0
733,PAYMENT,1590.79,C244831723,8931.35,7340.56,C225013516,30932.55,32419.62,0,0
629,PAYMENT,11553.99,C259904585,11721.37,167.38,C963008866,42246.39,52340.06,0,0
434,CASH_OUT,5625.22,C955890272,9723.76,4098.54,C616167381,52123.44,57492.88,0,0
30,DEBIT,129215.59,C352094977,4960.83,0.0,C645971246,3012.06,130778.37,0,0
735,CASH_IN,14959.77,C765083776,144.51,0.0,C156916146,4866.45,18076.44,0,0
335,CASH_OUT,11733.3,C215033082,76324.06,64590.76,C827126576,56.66,9085.74,0,0
216,PAYMENT,40993.33,C975072735,21916.29,0.0,C520842386,3453.63,33288.36,0,0
664,CASH_OUT,57940.33,C291246044,1441.68,0.0,C654680199,35040.42,90656.09,0,0
555,PAYMENT,33206.11,C454472699,27165.35,0.0,C485540934,24693.76,50379.81,0,0
557,CASH_OUT,104300.79,C281291209,6829.75,0.0,C442809147,4206.23,105175.18,0,0
207,CASH_OUT,24236.82,C594852815,7126.26,0.0,C159418866,104657.77,128009.61,0,0
737,CASH_OUT,10957.43,C806951481,4219.1,0.0,C509502347,2462.15,12196.1,0,0
337,CASH_OUT,75396.02,C121278806,29893.48,0.0,C869315254,1354.18,67793.06,0,0
395,TRANSFER,6880.09,C122831656,4024.94,0.0,C305007485,2116.06,8894.65,0,0
558,CASH_IN,8602.81,C809672035,2577.95,0.0,C373605225,651.69,8624.81,0,0
491,PAYMENT,179663.05,C336467824,72956.4,0.0,C525250684,15067.74,177660.02,0,0
129,PAYMENT,150161.01,C918521556,10215.67,0.0,C166865285,8260.72,133002.81,0,0
225,CASH_OUT,7984.71,C934654275,10708.26,2723.55,C163748616,14734.74,21483.41,0,0
269,CASH_OUT,3581.75,C997101858,37748.32,34166.57,C908074998,2331.18,5256.31,0,0
705,CASH_OUT,112838.44,C840715194,4907.99,0.0,C299641104,4426.96,115448.28,0,0
531,CASH_OUT,34226.42,C992994798,6619.47,0.0,C757862537,97.4,30608.05,0,0
273,PAYMENT,14300.45,C411281670,21132.62,6832.17,C483464654,9674.09,23032.27,0,0
546,CASH_OUT,4539.76,C627761759,1323.37,0.0,C784284207,5871.79,9100.29,0,0
549,PAYMENT,14721.35,C105142529,18613.61,3892.26,C397175785,677.93,14747.53,0,0
293,PAYMENT,7792.56,C966328865,4300.27,0.0,C887043973,4070.89,10502.02,0,0
300,CASH_OUT,2450.85,C632666167,48204.56,45753.71,C433756029,3089.83,5347.43,0,0
665,PAYMENT,10221.78,C417546815,30333.11,20111.33,C812415329,117684.37,124962.35,0,0
418,CASH_OUT,13065.93,C381914857,24880.07,11814.14,C848271450,727.76,13377.7,0,0
112,PAYMENT,4122.8,C570166396,1199.38,0.0,C700237854,8924.6,12626.68,0,0
535,CASH_IN,41228.55,C877090380,11440.41,0.0,C206772761,689.95,35208.56,0,0
439,TRANSFER,82445.96,C594004507,2284.95,0.0,C546785088,1800.51,67020.82,0,0
379,PAYMENT,46435.33,C813225398,12641.04,0.0,C436028301,8089.11,44926.59,0,0
539,PAYMENT,4928.32,C293001991,414.5,0.0,C940676242,3359.5,7257.9,0,0
674,CASH_OUT,31586.3,C798218899,1324.45,0.0,C805015820,4862.05,28214.05,0,0
246,PAYMENT,9323.85,C759214760,79503.03,70179.18,C954181441,8945.45,16769.49,0,0
312,CASH_OUT,876.26,C151873512,23238.83,22362.57,C978324543,2021.02,2753.61,0,0
141,PAYMENT,27198.39,C445771008,7857.91,0.0,C791083778,24136.1,46536.18,0,0
481,CASH_IN,10541.1,C179830777,3418.25,0.0,C634438820,2835.96,12438.15,0,0
300,CASH_OUT,863186.8,C460049469,2627.06,0.0,C283987524,4123.26,717067.61,0,0
255,CASH_OUT,111645.9,C783008606,18037.96,0.0,C833859090,9417.83,90551.03,0,0
518,CASH_OUT,29145.92,C777695137,7978.87,0.0,C275004872,7395.3,35247.66,0,0
304,CASH_OUT,12689.2,C764024083,135940.26,123251.06,C266681924,15671.68,26172.38,0,0
346,PAYMENT,10880.2,C993024136,10125.93,0.0,C891794359,8695.28,18450.31,0,0
327,CASH_OUT,1330.57,C891763392,14589.84,13259.27,C202991309,11432.95,12735.54,0,0
193,PAYMENT,354.19,C627624036,1664.44,1310.25,C227724330,2736.21,3065.69,0,0
94,CASH_IN,1684.79,C888260788,7777.2,6092.41,C559884523,717.82,2169.5,0,0
615,PAYMENT,7436.16,C749205661,17421.97,9985.81,C625723729,376.25,6797.42,0,0
69,PAYMENT,183.1,C569831005,7637.47,7454.37,C141021439,242.92,417.75,0,0
242,CASH_OUT,3041.85,C961203499,6448.21,3406.36,C302724263,117349.05,120229.95,0,0
496,PAYMENT,5189.0,C553381140,21815.25,16626.25,C262777452,91.56,4001.97,0,0
98,PAYMENT,5498.51,C260765756,129603.48,124104.97,C525691340,42137.88,47020.28,0,0
488,PAYMENT,2462.41,C751697525,16604.92,14142.51,C963612168,1121.52,3484.73,0,0
545,CASH_OUT,4382.06,C955305862,74330.71,69948.65,C799870364,41589.11,45712.59,0,0
493,CASH_OUT,180413.89,C114558912,33941.83,0.0,C918756902,93.26,133133.13,0,0
227,PAYMENT,26685.12,C157772333,67950.18,41265.06,C537546333,3219.02,25386.56,0,0
15,CASH_OUT,2955.6,C600059692,5353.04,2397.44,C729419951,67322.11,69850.54,0,0
660,PAYMENT,7165.08,C593743133,9794.82,2629.74,C496640357,17743.55,23313.27,0,0
243,CASH_OUT,7700.47,C181177261,9856.04,2155.57,C916897769,2678.26,9638.33,0,0
599,PAYMENT,2033.84,C614892818,30315.54,28281.7,C577202401,148.81,1863.07,0,0
147,CASH_IN,2029.54,C611200877,43853.91,41824.37,C620296388,454.65,2056.47,0,0
121,CASH_IN,49958.27,C864351436,16116.26,0.0,C988028666,59901.98,99921.52,0,0
579,TRANSFER,3806.21,C413113720,49764.63,45958.42,C546975120,2625.87,6268.41,0,0
699,PAYMENT,1129.52,C173448488,5738.78,4609.26,C255866597,4318.73,5402.91,0,0
640,PAYMENT,7497.67,C610207985,50416.12,42918.45,C714552282,8187.49,15263.14,0,0
559,TRANSFER,10020.79,C683305124,61310.98,51290.19,C723592868,471.02,10232.88,0,0
184,CASH_OUT,232.56,C352653393,36910.25,36677.69,C313438435,10230.43,10459.66,0,0
679,CASH_OUT,7530.05,C758078199,16338.09,8808.04,C157361938,2309.28,8691.36,0,0
497,CASH_IN,38652.39,C944247694,38948.09,295.7,C388002775,8338.72,36516.74,0,0
128,CASH_OUT,18255.34,C615425230,3494.67,0.0,C869600296,1736.29,18896.7,0,0
97,CASH_OUT,448485.31,C724993047,17989.5,0.0,C655757077,289.57,399454.76,0,0
648,PAYMENT,77033.61,C116619046,20968.27,0.0,C646535530,2277.26,64994.57,0,0
205,CASH_IN,109983.02,C261142794,1818.43,0.0,C658857314,15574.65,124750.39,0,0
570,CASH_IN,1251877.13,C456071123,27224.6,0.0,C248389390,9989.68,1013501.35,0,0
104,CASH_OUT,31719.32,C223656804,2052.41,0.0,C965188983,5196.16,36036.54,0,0
209,CASH_IN,10867.44,C419963412,7031.27,0.0,C368243133,24751.4,34290.57,0,0
211,CASH_OUT,46757.62,C232626939,14180.76,0.0,C990940161,3406.81,36651.13,0,0
209,PAYMENT,2961.27,C906958038,4464.42,1503.15,C316831397,5438.71,8275.9,0,0
502,CASH_OUT,9836.3,C639170621,15120.87,5284.57,C670981269,2072.31,11206.92,0,0
680,PAYMENT,2525.24,C396254612,14762.35,12237.11,C138099526,27499.2,29753.6,0,0
677,PAYMENT,16586.96,C800911727,3903.89,0.0,C672500926,8306.15,22975.26,0,0
551,PAYMENT,2506.3,C116574934,31318.42,28812.12,C496917817,1803.48,3722.43,0,0
151,PAYMENT,2353.19,C637204331,4246.14,1892.95,C164947296,336.89,2135.54,0,0
714,CASH_OUT,17055.91,C715098905,413313.46,396257.55,C704809503,35915.72,48004.13,0,0
403,CASH_IN,6324.08,C828416307,11336.49,5012.41,C972092560,1287.79,6007.08,0,0
406,CASH_OUT,252.26,C300046275,2305.51,2053.25,C174776844,5595.49,5797.54,0,0
522,TRANSFER,589.93,C632329606,3051.8,2461.87,C903504600,339313.4,339822.05,0,0
572,PAYMENT,1027.54,C790909978,74710.11,73682.57,C593004197,20800.19,21559.79,0,0
709,CASH_OUT,1653.5,C817589122,7232.01,5578.51,C911240417,89327.91,90761.94,0,0
433,CASH_OUT,17085.1,C258084455,1727.37,0.0,C378450024,1865.67,15174.9,0,0
454,PAYMENT,12017.15,C978870250,48077.48,36060.33,C748067518,33784.5,43112.07,0,0
554,PAYMENT,55132.95,C346568500,7162.68,0.0,C728249705,5156.45,59428.4,0,0
190,CASH_OUT,31415.08,C272852898,35601.01,4185.93,C622433113,9497.94,40840.87,0,0
229,PAYMENT,55794.21,C234947959,54358.11,0.0,C850036954,186747.94,239385.96,0,0
465,PAYMENT,24224.34,C329917214,20164.83,0.0,C888658528,2976.3,20328.62,0,0
48,PAYMENT,11818.52,C221857130,485950.04,474131.52,C807509268,5088.09,15944.46,0,0
239,CASH_IN,58620.11,C759491042,1005.14,0.0,C979342634,967.01,45138.89,0,0
534,CASH_IN,42401.67,C637729836,3916.97,0.0,C600004320,24324.6,61246.55,0,0
726,TRANSFER,15946.13,C451025484,9100.41,0.0,C673169858,1791.61,17229.28,0,0
386,DEBIT,79851.93,C592392759,397027.29,317175.36,C269931481,30973.24,95977.4,0,0
297,CASH_OUT,118.82,C643782421,198194.41,198075.59,C389102888,252.18,368.46,0,0
328,DEBIT,4803.82,C265811840,92321.87,87518.05,C914225076,13194.41,17577.95,0,0
510,CASH_IN,4673.1,C893894466,4059.5,0.0,C548134851,1542.8,5235.97,0,0
405,PAYMENT,64526.37,C110887667,4835.44,0.0,C560113523,18305.04,65310.9,0,0
18,CASH_IN,137106.19,C961073531,3855.13,0.0,C393466486,4796.27,134307.52,0,0
401,PAYMENT,595.66,C967860070,4125.16,3529.5,C338808328,1875.05,2373.87,0,0
298,CASH_OUT,102754.81,C327894078,125374.05,22619.24,C107986308,2450.86,76620.11,0,0
521,CASH_OUT,983.78,C388640005,9268.24,8284.46,C308267429,1063.48,1782.56,0,0
651,CASH_IN,1038.79,C286194637,11302.2,10263.41,C560869439,22203.78,23232.27,0,0
716,PAYMENT,5314.99,C604592050,42684.03,37369.04,C752351122,744.31,4852.27,0,0
454,CASH_IN,4569.82,C292529666,1101.81,0.0,C499984683,3038.92,7562.94,0,0
270,CASH_IN,490.22,C811613892,14457.5,13967.28,C299489128,9149.29,9592.62,0,0
330,PAYMENT,26102.34,C448679376,2577.8,0.0,C834913355,89705.75,110330.44,0,0
132,CASH_OUT,27527.05,C867904457,8590.2,0.0,C572370383,4833.19,27270.99,0,0
696,CASH_OUT,54028.93,C461182819,5543.43,0.0,C229315227,3176.33,53591.35,0,0
630,CASH_OUT,3713.69,C636364548,5130.86,1417.17,C648614122,8042.88,11127.56,0,0
635,PAYMENT,7545.84,C121947351,18739.2,11193.36,C402126816,117.66,5568.97,0,0
244,CASH_OUT,7671.22,C160798088,18616.81,10945.59,C878625684,568.18,6466.92,0,0
240,CASH_IN,169124.73,C555424721,9607.21,0.0,C341289915,2500.74,164539.73,0,0
637,CASH_OUT,49.32,C525681176,23295.76,23246.44,C878257599,1361.93,1406.75,0,0
405,CASH_IN,1447.37,C458466668,3630.33,2182.96,C221830581,275.48,1506.19,0,0
524,CASH_OUT,8184.3,C181298514,37137.36,28953.06,C783396291,23017.3,29349.07,0,0
364,CASH_IN,1148.23,C855879453,9805.53,8657.3,C748533692,7844.45,8811.69,0,0
329,CASH_IN,5089.95,C465592702,6467.24,1377.29,C244632673,6326.34,11093.87,0,0
470,CASH_OUT,6457.93,C463168127,4055.63,0.0,C530226438,1409.25,6087.78,0,0
605,PAYMENT,2480.37,C547614066,9301.25,6820.88,C647755138,5669.79,8146.27,0,0
249,CASH_IN,9100.13,C787584951,221009.04,211908.91,C218828694,12406.91,21124.19,0,0
602,CASH_IN,25101.14,C249375541,12149.33,0.0,C406972273,3050.89,23016.08,0,0
182,PAYMENT,5296.07,C356167219,2400.41,0.0,C731645284,10940.54,16030.98,0,0
300,PAYMENT,3584.05,C114647664,53009.62,49425.57,C597590845,1172.73,4414.55,0,0
679,PAYMENT,6012.66,C135136151,6582.09,569.43,C295065123,5857.47,11268.3,0,0
710,CASH_OUT,7995.34,C796598939,20447.96,12452.62,C800129656,38426.28,44358.13,0,0
687,CASH_OUT,353.34,C448262146,5385.74,5032.4,C300801090,45145.03,45488.39,0,0
235,CASH_IN,18597.77,C120392506,91231.91,72634.14,C660810465,53619.06,69150.1,0,0
627,CASH_IN,3598.23,C373860845,5507.47,1909.24,C581887418,8217.52,11603.34,0,0
696,CASH_OUT,78492.87,C980158851,108747.83,30254.96,C365461129,5202.55,67200.7,0,0
727,DEBIT,23479.81,C143350529,2768.63,0.0,C893303974,2191.15,20796.58,0,0
16,CASH_OUT,66577.34,C721372754,8609.66,0.0,C127158897,189.91,66061.98,0,0
554,PAYMENT,1313.16,C642894768,109097.11,107783.95,C203620810,436.67,1551.54,0,0
741,CASH_OUT,4152.66,C254797010,17193.06,13040.4,C687710529,3631.86,6613.33,0,0
569,CASH_OUT,865.73,C408758168,403204.4,402338.67,C192334214,4044.37,4867.43,0,0
174,PAYMENT,2277.1,C541706089,8922.12,6645.02,C817446157,62442.5,64191.7,0,0
567,PAYMENT,77171.83,C231503274,19644.73,0.0,C816043979,52398.77,126763.56,0,0
79,CASH_OUT,117887.14,C749713762,232750.86,114863.72,C890733876,1428.42,116360.36,0,0
358,DEBIT,1025.94,C349567899,1379.0,353.06,C363548920,21439.41,22179.96,0,0
466,CASH_OUT,3551.41,C821517525,1145.25,0.0,C167230252,2082.4,5188.92,0,0
340,CASH_IN,7064.57,C207790749,4051.08,0.0,C781335955,16792.87,23818.28,0,0
520,PAYMENT,23250.69,C122207870,45254.57,22003.88,C503836512,20969.66,43738.5,0,0
179,CASH_IN,341.16,C231326637,1194.19,853.03,C953976299,45971.05,46263.62,0,0
451,CASH_OUT,452.41,C549731673,32714.5,32262.09,C269323603,2024.83,2433.88,0,0
480,CASH_OUT,19561.66,C803132132,29438.54,9876.88,C616845803,30508.07,47747.34,0,0
471,CASH_IN,242.68,C736631597,274192.41,273949.73,C536868047,168.84,353.51,0,0
215,CASH_IN,3625.56,C143001595,64101.78,60476.22,C100929444,50675.01,53923.15,0,0
227,CASH_OUT,10848.32,C339047350,23065.09,12216.77,C644397898,4698.37,13376.4,0,0
192,TRANSFER,17123.36,C132454499,102610.9,85487.54,C187381125,4881.9,18604.42,0,0
344,PAYMENT,6278.63,C805230343,29982.1,23703.47,C549525759,125.54,5311.67,0,0
436,CASH_OUT,4194.96,C735749091,6700.22,2505.26,C485390878,2441.58,6450.51,0,0
270,CASH_IN,37057.56,C733529377,2399.68,0.0,C548942135,56379.61,84969.66,0,0
305,PAYMENT,13539.55,C776788199,5687.08,0.0,C513079243,2280.01,12776.38,0,0
213,CASH_IN,2528.47,C295509373,12580.32,10051.85,C847946179,17751.64,19527.14,0,0
163,CASH_OUT,8672.4,C320255535,17370.48,8698.08,C896806788,5230.17,11704.13,0,0
489,PAYMENT,16150.47,C278651777,543.05,0.0,C863438823,33283.08,49330.25,0,0
607,CASH_OUT,178586.26,C454235909,9610.96,0.0,C959991932,6937.53,155192.88,0,0
216,CASH_OUT,33369.0,C571557310,13944.95,0.0,C728085634,918.5,26230.54,0,0
640,CASH_IN,72128.34,C207775744,30372.9,0.0,C605583615,5440.42,76826.17,0,0
425,CASH_IN,2699.73,C610657784,153307.55,150607.82,C577500226,87745.02,89656.79,0,0
125,CASH_OUT,3154.14,C372510704,17649.81,14495.67,C284051047,12037.25,14703.29,0,0
272,PAYMENT,5304.53,C387492975,3414.05,0.0,C845091389,3985.41,8978.99,0,0
6,CASH_OUT,6257.71,C884175877,873.83,0.0,C885954173,285026.91,290858.14,0,0
30,DEBIT,1320.22,C176425310,37440.81,36120.59,C731338344,39600.15,40599.25,0,0
250,PAYMENT,79116.8,C269840618,3627.75,0.0,C532436133,21378.07,93559.25,0,0
338,CASH_IN,39736.8,C477435790,49033.33,9296.53,C365715045,8701.2,43935.29,0,0
593,CASH_IN,4674.04,C911323359,108676.43,104002.39,C760251963,18297.01,22515.72,0,0
100,CASH_OUT,25721.41,C258623350,1318.02,0.0,C887336312,19397.85,39456.21,0,0
624,PAYMENT,12103.12,C805504253,30663.82,18560.7,C626508342,96.63,11512.54,0,0
175,CASH_OUT,29604.76,C727217746,92867.93,63263.17,C559422698,10005.45,35695.61,0,0
103,PAYMENT,720.72,C410029932,61608.74,60888.02,C130873697,3679.56,4340.84,0,0
521,PAYMENT,6234.23,C402770020,575.61,0.0,C162358835,1999.0,8120.22,0,0
576,PAYMENT,7299.28,C952879185,3712.73,0.0,C736086843,3457.2,10440.05,0,0
450,TRANSFER,24898.32,C743168849,1958.1,0.0,C302042845,298.71,23571.2,0,0
86,PAYMENT,2614.46,C315030441,29296.08,26681.62,C173803619,190.89,2248.19,0,0
86,PAYMENT,90.03,C920672346,24834.52,24744.49,C798758721,46337.38,46401.86,0,0
290,PAYMENT,1156.25,C466138407,233.5,0.0,C658477175,11292.39,12301.09,0,0
335,PAYMENT,7259.84,C171726285,8507.92,1248.08,C200038831,63.85,5220.91,0,0
742,PAYMENT,9090.56,C832172780,44403.77,35313.21,C549879846,1741.51,10052.62,0,0
213,PAYMENT,167836.68,C881853193,16679.97,0.0,C522820059,23980.42,178565.81,0,0
144,CASH_OUT,23131.34,C733534203,16637.27,0.0,C644366972,2968.98,23067.19,0,0
703,PAYMENT,9383.94,C311162790,7727.26,0.0,C457019458,46212.65,53254.79,0,0
115,CASH_OUT,7644.15,C865323675,2728.72,0.0,C890512145,32518.14,39877.29,0,0
20,PAYMENT,59132.15,C431681920,13022.27,0.0,C204152065,427.49,52391.43,0,0
315,CASH_OUT,2801.19,C340575723,14445.53,11644.34,C862402476,3797.19,6190.72,0,0
299,PAYMENT,6294.86,C340503507,33620.18,27325.32,C105780099,2193.91,7672.19,0,0
461,PAYMENT,1140.63,C658579945,37977.53,36836.9,C787850128,403.18,1229.98,0,0
653,TRANSFER,104196.19,C772912377,15196.07,0.0,C466924818,358.64,96441.19,0,0
694,CASH_OUT,16423.99,C465045849,69034.56,52610.57,C352497020,1151.89,12948.14,0,0
216,PAYMENT,2267.56,C805100244,7613.0,5345.44,C228024328,1550.5,3531.25,0,0
729,PAYMENT,6594.43,C488173897,1531.44,0.0,C405943244,8183.0,13133.95,0,0
471,PAYMENT,20279.61,C337549251,27325.63,7046.02,C702684378,32195.57,47654.93,0,0
52,PAYMENT,5160.07,C734262327,16148.29,10988.22,C752392559,12388.96,16362.09,0,0
698,DEBIT,3096.27,C581812568,28152.66,25056.39,C110025562,18971.06,21151.74,0,0
103,DEBIT,2495.66,C949179384,2004.85,0.0,C622706656,3041.44,5456.12,0,0
438,CASH_IN,14915.13,C297510610,196063.55,181148.42,C785202746,14550.79,28589.96,0,0
588,TRANSFER,4253.52,C277074130,38783.63,34530.11,C632651892,3762.82,6780.21,0,0
186,CASH_OUT,3580.42,C880773596,8673.3,5092.88,C681001180,2220.19,4787.69,0,0
202,PAYMENT,731.49,C910988930,3284.01,2552.52,C506559978,149459.65,150143.49,0,0
354,PAYMENT,9318.46,C527395509,67220.27,57901.81,C709817924,74.08,6616.02,0,0
658,CASH_OUT,5847.67,C469251089,2558.93,0.0,C275899725,168.69,5084.82,0,0
167,CASH_IN,4541.59,C699914686,397141.23,392599.64,C847349521,9787.48,13112.78,0,0
493,CASH_IN,11588.72,C772505062,5325.13,0.0,C875510106,3050.41,13219.39,0,0
337,PAYMENT,31144.85,C348378592,176443.82,145298.97,C547758910,369.97,31499.31,0,0
84,CASH_OUT,28647.4,C106296347,10130.33,0.0,C835633485,736.35,22267.92,0,0
529,CASH_IN,21914.66,C166200522,143074.4,121159.74,C258374812,930.82,22560.7,0,0
619,PAYMENT,5254.25,C410040300,4436.84,0.0,C407370429,24494.55,29536.76,0,0
428,CASH_OUT,2920.19,C713537226,13742.58,10822.39,C653211898,43579.35,46487.15,0,0
132,PAYMENT,1237.63,C496271033,44672.97,43435.34,C724071723,94015.28,95166.1,0,0
116,CASH_OUT,2785.88,C656541478,36066.35,33280.47,C366182205,281.4,2947.76,0,0
315,CASH_IN,8394.82,C522818656,69643.37,61248.55,C205459713,419.55,7793.39,0,0
377,CASH_IN,1967.83,C326492619,6430.4,4462.57,C556862273,370.88,2260.36,0,0
411,CASH_OUT,9632.55,C773858329,15172.09,5539.54,C674699207,50008.22,57073.25,0,0
182,CASH_OUT,1425.36,C751104775,86906.04,85480.68,C102672809,10415.02,11729.91,0,0
373,PAYMENT,407.57,C966526684,4638.36,4230.79,C115812914,5678.02,6040.19,0,0
220,CASH_OUT,35416.43,C441997417,31533.68,0.0,C447851299,7430.38,32857.75,0,0
510,CASH_OUT,3449.74,C415539864,9616.73,6166.99,C607523973,4437.29,7153.88,0,0
592,CASH_OUT,1796.04,C885548581,18193.35,16397.31,C103209690,653.24,2026.91,0,0
485,CASH_OUT,1131.25,C649463703,15166.21,14034.96,C256100515,12378.43,13307.81,0,0
1,PAYMENT,17352.03,C851169827,4095.22,0.0,C477016790,3515.55,16694.52,0,0
738,CASH_IN,96262.48,C353128252,9035.89,0.0,C351445005,566.47,75886.94,0,0
18,TRANSFER,3922.43,C113428741,16603.99,12681.56,C131241951,13817.81,16911.86,0,0
743,CASH_OUT,5497.15,C227215300,11451.94,5954.79,C252516483,2283.77,7120.95,0,0
24,CASH_IN,55766.99,C578228662,141365.49,85598.5,C496575517,7401.74,48695.08,0,0
384,CASH_OUT,311.44,C965386783,60774.97,60463.53,C987966453,3924.67,4165.2,0,0
79,CASH_IN,279389.89,C828576960,20639.68,0.0,C696396501,24452.35,246607.66,0,0
71,PAYMENT,659594.51,C522322431,4252.58,0.0,C998670484,7304.85,557881.83,0,0
508,CASH_OUT,62.09,C962649597,3881.45,3819.36,C117697809,1001.59,1045.76,0,0
541,CASH_OUT,6798.75,C946861960,258000.44,251201.69,C747863127,8774.51,15571.65,0,0
88,PAYMENT,2221.41,C296049590,2937.08,715.67,C168128443,9306.23,11061.41,0,0
726,PAYMENT,5031.18,C875952061,15847.85,10816.67,C650671169,12337.51,16293.04,0,0
239,PAYMENT,3815.8,C116028293,22958.03,19142.23,C393354506,31715.91,35022.15,0,0
237,TRANSFER,34932.27,C633334939,8375.07,0.0,C799306257,1621.7,35024.27,0,0
221,PAYMENT,6616.85,C940248066,2971.12,0.0,C211917135,16354.92,21893.51,0,0
343,PAYMENT,1572.41,C696090215,4116.07,2543.66,C906898844,220.37,1438.44,0,0
133,PAYMENT,5943.58,C224492804,5885.47,0.0,C567374553,3960.11,9129.61,0,0
316,CASH_OUT,20467.87,C205466970,4608.97,0.0,C613999113,2997.73,20290.68,0,0
157,PAYMENT,962.28,C373632420,97888.13,96925.85,C131755599,66577.46,67373.19,0,0
39,CASH_IN,418.54,C162057505,13178.09,12759.55,C738456238,3709.29,4125.81,0,0
274,PAYMENT,292709.83,C337775324,6089.36,0.0,C964744547,14682.03,307036.24,0,0
500,TRANSFER,2549.45,C788516198,15684.64,13135.19,C986142251,206.19,2420.6,0,0
567,CASH_IN,6328.16,C886318709,36385.8,30057.64,C582131824,2609.3,7168.11,0,0
263,PAYMENT,3959.88,C807333880,7967.06,4007.18,C332247660,1071.22,4516.61,0,0
241,PAYMENT,21732.36,C546448406,51687.54,29955.18,C517119008,423335.39,444757.88,0,0
586,CASH_OUT,197012.38,C725838449,1984.81,0.0,C457516709,1479.95,194100.48,0,0
507,CASH_OUT,23014.53,C949537706,77416.52,54401.99,C425146960,5607.74,23205.81,0,0
619,PAYMENT,526.86,C147962660,13181.52,12654.66,C881498824,6172.36,6571.21,0,0
674,TRANSFER,670.87,C914109374,12431.41,11760.54,C451420744,281.16,781.41,0,0
611,CASH_IN,3951.55,C447755435,4724.32,772.77,C126332750,1906.71,5644.62,0,0
696,CASH_OUT,4999.94,C503765927,2117.99,0.0,C749259994,10184.07,14419.1,0,0
310,PAYMENT,365.22,C494689029,1096.62,731.4,C698565549,5734.75,6027.44,0,0
294,CASH_OUT,35412.27,C242104979,4254.94,0.0,C440563950,78.2,28317.44,0,0
239,CASH_OUT,1146.68,C307287244,32257.63,31110.95,C666993226,1771.21,2668.63,0,0
175,CASH_IN,119126.69,C365613409,3159.23,0.0,C946975712,30868.11,145799.86,0,0
557,CASH_IN,214730.42,C105232890,1309.4,0.0,C931977948,14168.85,190871.36,0,0
531,CASH_OUT,5183.02,C551032155,3416.6,0.0,C810692608,44022.67,48030.21,0,0
596,PAYMENT,17857.0,C528878348,7500.69,0.0,C625008239,833.67,17139.28,0,0
125,PAYMENT,882.27,C396686324,7956.53,7074.26,C124882322,49299.69,50085.47,0,0
366,PAYMENT,24899.86,C258785464,11011.12,0.0,C836693993,4537.22,27310.87,0,0
165,CASH_OUT,3305.2,C710650543,62875.35,59570.15,C860406021,86335.88,89464.54,0,0
664,CASH_OUT,1144.79,C527267567,87018.99,85874.2,C987854923,4944.09,5780.21,0,0
199,CASH_IN,4813.58,C293975692,270545.01,265731.43,C564844355,123.29,3495.67,0,0
107,CASH_IN,3503.98,C793553196,1167.52,0.0,C198733015,22666.84,25172.78,0,0
424,CASH_OUT,4512.98,C609757658,3700.32,0.0,C386842616,2212.05,6328.06,0,0
654,CASH_IN,44775.83,C102195352,38090.79,0.0,C799424642,2496.85,46392.79,0,0
681,CASH_IN,1971.3,C656626328,6761.18,4789.88,C449417760,359.4,1935.12,0,0
72,CASH_IN,184064.48,C471204407,48590.32,0.0,C243516108,91122.41,263104.58,0,0
243,PAYMENT,746.12,C319392077,18227.2,17481.08,C138849402,1923.72,2609.22,0,0
115,PAYMENT,148416.01,C981198108,142743.75,0.0,C381608949,83705.87,231145.08,0,0
229,PAYMENT,1300.21,C437710277,63836.1,62535.89,C316915706,2261.45,3355.24,0,0
397,PAYMENT,8088.32,C735714001,65612.73,57524.41,C338682162,925.25,6990.05,0,0
209,CASH_OUT,3353.12,C533770247,7202.57,3849.45,C998625983,52846.8,55963.76,0,0
51,CASH_IN,4364.63,C601647598,11542.7,7178.07,C712953126,4307.0,8434.39,0,0
379,CASH_OUT,34284.31,C683476277,8451.67,0.0,C596251614,4383.36,35657.17,0,0
40,CASH_IN,120534.13,C431789629,1395.71,0.0,C260986014,489.35,116076.1,0,0
169,CASH_OUT,69074.75,C237071578,121498.1,52423.35,C857030872,2156.58,58200.71,0,0
1,CASH_OUT,3909.87,C250669316,40867.11,36957.24,C680295192,10632.31,14178.93,0,0
65,CASH_OUT,11289.85,C945683461,7962.19,0.0,C563332750,474.13,9270.67,0,0
325,CASH_OUT,1982.79,C554933968,94550.44,92567.65,C519370252,1862.44,3515.95,0,0
633,PAYMENT,1359.96,C475304706,5189.79,3829.83,C597310874,2305.83,3356.74,0,0
576,PAYMENT,1029.32,C749472948,847.93,0.0,C855694836,5539.13,6307.37,0,0
74,PAYMENT,3686.26,C921635027,60539.7,56853.44,C748114082,70488.68,73108.82,0,0
26,PAYMENT,12699.15,C792053801,1962.86,0.0,C536498868,2864.31,14311.67,0,0
252,CASH_OUT,259.49,C527910640,9960.04,9700.55,C700861239,1418.14,1667.92,0,0
485,CASH_IN,7454.43,C879367594,18200.14,10745.71,C936823540,689324.31,695245.56,0,0
555,PAYMENT,124100.28,C870693064,23818.03,0.0,C393617283,2253.56,105104.23,0,0
612,CASH_OUT,61049.48,C451162925,47695.94,0.0,C970257712,3487.06,46286.66,0,0
255,CASH_OUT,2826.14,C967857513,31929.23,29103.09,C717549716,2580.86,4909.19,0,0
125,CASH_OUT,655.65,C844693447,30480.39,29824.74,C447341336,2986.38,3500.67,0,0
20,PAYMENT,18540.16,C861606248,4080.08,0.0,C924206673,5653.1,21824.94,0,0
110,PAYMENT,125.04,C150883211,20772.09,20647.05,C840973875,25782.05,25903.66,0,0
49,CASH_OUT,59771.09,C217010885,1396.43,0.0,C140066737,10169.8,61085.55,0,0
640,PAYMENT,5516.74,C368307122,139135.92,133619.18,C364705924,34158.68,39138.42,0,0
200,CASH_OUT,218893.5,C170358339,1629.7,0.0,C324211265,32184.87,231738.0,0,0
612,CASH_OUT,361.93,C174586042,7945.33,7583.4,C561242150,7153.76,7423.66,0,0
411,CASH_OUT,42305.11,C128485162,1847.68,0.0,C486619889,9675.59,43687.68,0,0
401,CASH_OUT,6762.07,C272732115,4468.24,0.0,C623349512,36160.62,41123.6,0,0
338,PAYMENT,4465.38,C926976020,13631.56,9166.18,C820650674,665.02,4381.22,0,0
609,CASH_IN,688.34,C749087665,6044.25,5355.91,C300130687,440991.18,441656.24,0,0
33,PAYMENT,23679.06,C745181869,74337.39,50658.33,C130038602,1953.44,21945.2,0,0
69,CASH_OUT,27365.74,C363279934,18776.32,0.0,C501779134,2613.02,25513.93,0,0
315,PAYMENT,201436.61,C662599057,6671.74,0.0,C372058493,554.78,154210.03,0,0
294,PAYMENT,49736.31,C801085426,10933.94,0.0,C266075317,585.3,40029.44,0,0
406,PAYMENT,2782.18,C579243528,83245.61,80463.43,C881971333,28374.93,31104.19,0,0
549,PAYMENT,1330.15,C612598632,52224.46,50894.31,C627023811,292537.43,293589.44,0,0
437,TRANSFER,690.02,C392126554,2420.78,1730.76,C755052945,1770.41,2404.83,0,0
192,CASH_OUT,114898.43,C674821343,4812.74,0.0,C234574307,9183.56,91065.06,0,0
244,PAYMENT,1996.77,C948823016,27233.0,25236.23,C401754718,7304.89,8779.49,0,0
559,PAYMENT,116356.47,C548618651,22698.4,0.0,C897037318,29745.71,122067.98,0,0
150,CASH_OUT,20850.43,C978366890,2763.98,0.0,C191571866,266648.35,286882.15,0,0
375,CASH_OUT,14673.89,C773722686,41096.98,26423.09,C456856981,75944.05,87181.13,0,0
401,CASH_OUT,4664.04,C552254283,3511.11,0.0,C769728903,3198.42,7480.12,0,0
558,CASH_OUT,26614.49,C352880246,94441.9,67827.41,C284953494,12730.83,32698.55,0,0
531,CASH_OUT,7880.55,C915287118,29559.89,21679.34,C536300655,15222.11,22187.35,0,0
346,CASH_OUT,4168.94,C979085563,2445.77,0.0,C518484318,4740.21,8392.4,0,0
230,PAYMENT,28362.09,C163661388,6041.36,0.0,C803150309,683.56,25828.95,0,0
274,CASH_IN,6253.21,C128707487,5885.87,0.0,C659732972,1167.01,6081.3,0,0
306,PAYMENT,1925.61,C447918935,16980.4,15054.79,C637660955,38819.38,40260.95,0,0
163,CASH_OUT,23853.55,C243888458,9838.26,0.0,C333428060,46739.94,69781.17,0,0
465,PAYMENT,7221.56,C893844596,2396.5,0.0,C993239170,3382.53,9671.3,0,0
155,CASH_IN,19536.47,C922793589,1650.13,0.0,C324821889,7862.81,22781.11,0,0
482,CASH_OUT,3579.76,C262470666,30440.68,26860.92,C990418469,42407.26,45356.98,0,0
559,CASH_IN,919.27,C846162991,20524.1,19604.83,C560248317,228.68,890.67,0,0
715,PAYMENT,184081.36,C227204283,15651.25,0.0,C882092808,2200.78,157310.1,0,0
89,CASH_OUT,131124.24,C808595309,20052.27,0.0,C743581096,185752.14,294213.81,0,0
565,TRANSFER,39767.8,C136259984,5279.68,0.0,C763979406,8423.27,37844.2,0,0
64,CASH_OUT,4031.69,C485375230,17605.89,13574.2,C161659133,643.81,4003.46,0,0
251,CASH_OUT,4719.36,C840484854,601846.88,597127.52,C162656701,6069.97,10278.98,0,0
131,CASH_OUT,97556.74,C940054654,77796.42,0.0,C257871253,30902.24,126366.11,0,0
121,PAYMENT,4285.99,C209011029,8667.95,4381.96,C105701734,50.21,3954.56,0,0
131,CASH_OUT,2595.15,C852507581,6093.28,3498.13,C834660793,6750.11,8957.88,0,0
33,CASH_OUT,235631.03,C363922868,182.97,0.0,C964470872,2514.06,221890.16,0,0
612,CASH_IN,7436.68,C517680673,66372.71,58936.03,C934048239,255.8,6086.01,0,0
46,CASH_IN,195470.66,C197907474,43473.55,0.0,C229860830,5695.71,181743.33,0,0
297,CASH_IN,653.86,C975677590,5909.15,5255.29,C231923892,3844.26,4302.95,0,0
520,TRANSFER,20593.54,C811226875,1560.0,0.0,C432944846,4706.21,19569.91,0,0
736,CASH_OUT,337037.23,C678050563,2361.61,0.0,C603235395,2625.77,301672.06,0,0
635,CASH_IN,8548.84,C754347179,26019.38,17470.54,C807433315,781.79,7259.8,0,0
102,TRANSFER,5038.14,C886292858,11684.15,6646.01,C264899913,358.29,4925.96,0,0
734,CASH_IN,990.34,C321451282,37698.97,36708.63,C274062090,1417.65,2300.07,0,0
486,CASH_OUT,56852.62,C133606483,15209.34,0.0,C375785744,23078.43,63961.15,0,0
134,PAYMENT,2025.9,C540067666,56961.92,54936.02,C344254813,7476.55,9133.23,0,0
334,PAYMENT,6831.81,C544721866,23257.03,16425.22,C456391624,4339.39,10378.03,0,0
682,PAYMENT,878.22,C126745491,46313.7,45435.48,C881450664,756.28,1559.01,0,0
292,CASH_OUT,133573.92,C695401523,581.42,0.0,C150294170,2507.28,128711.29,0,0
137,TRANSFER,64782.68,C107992173,2097.46,0.0,C823252351,18525.13,70295.1,0,0
651,CASH_IN,7655.25,C734907898,7734.7,79.45,C324589424,12192.92,19473.18,0,0
709,TRANSFER,1014.89,C833613366,67464.25,66449.36,C174360040,2081.91,2900.19,0,0
725,PAYMENT,128621.94,C883337692,224312.31,95690.37,C635056722,44.68,90349.64,0,0
711,PAYMENT,4193.63,C593027413,10442.57,6248.94,C155217508,1458.66,5161.64,0,0
649,CASH_OUT,1108.35,C877004093,5338.13,4229.78,C465504841,2061.42,2917.62,0,0
338,CASH_IN,339.74,C726406733,711.62,371.88,C595076182,960.27,1210.77,0,0
143,PAYMENT,2533.26,C690753498,48793.17,46259.91,C574623659,2336.21,4305.84,0,0
459,CASH_OUT,590.9,C129011127,5853.03,5262.13,C121263222,21371.0,21931.39,0,0
165,CASH_OUT,2641.03,C722787924,1129744.44,1127103.41,C361870463,4595.65,7168.54,0,0
352,PAYMENT,30944.04,C864311262,4406.76,0.0,C409116753,29186.25,59774.71,0,0
488,PAYMENT,4122.77,C166919159,314240.11,310117.34,C603143586,325.36,3585.85,0,0
704,CASH_OUT,15371.16,C156614305,41050.2,25679.04,C306171341,2838.08,15700.34,0,0
215,CASH_OUT,2203.93,C369307090,2857.22,653.29,C668793925,149.87,2223.23,0,0
188,CASH_IN,9111.61,C295130836,18924.56,9812.95,C694677419,2280.52,9527.63,0,0
546,CASH_IN,257203.14,C976794876,42491.99,0.0,C449984026,748.31,210508.52,0,0
5,CASH_IN,4327.41,C237876208,9529.25,5201.84,C491247597,49328.39,52665.61,0,0
421,PAYMENT,16187.15,C860087349,46956.37,30769.22,C626742156,10275.13,24385.63,0,0
555,PAYMENT,483.98,C299950742,45430.35,44946.37,C751572052,30536.96,30971.47,0,0
410,CASH_OUT,125015.25,C685571564,32679.65,0.0,C371417116,2269.18,101722.79,0,0
286,CASH_OUT,3432.44,C181310399,13033.65,9601.21,C134572308,784.08,3211.74,0,0
616,PAYMENT,53688.85,C452732956,2292.94,0.0,C732397603,740.4,50175.61,0,0
276,PAYMENT,6491.67,C739999338,11906.29,5414.62,C695387162,7925.1,13670.09,0,0
528,PAYMENT,24363.54,C834573941,17397.76,0.0,C191297143,127808.8,146463.95,0,0
345,CASH_OUT,27114.46,C566790162,801.05,0.0,C164477388,10324.64,31864.21,0,0
20,PAYMENT,3588.92,C372969887,17220.45,13631.53,C678786045,2503.43,6046.18,0,0
395,CASH_OUT,57839.75,C335123447,11554.13,0.0,C769855384,3498.93,54922.0,0,0
37,CASH_OUT,2066.95,C993547058,1910.39,0.0,C113967607,4645.52,6461.63,0,0
692,PAYMENT,32868.88,C647475580,8107.06,0.0,C754001162,188708.09,218024.08,0,0
447,CASH_OUT,4014.35,C917757432,8368.5,4354.15,C338501202,45274.33,49233.82,0,0
277,CASH_OUT,15202.33,C536951296,241624.9,226422.57,C734359210,7847.31,20038.94,0,0
362,CASH_OUT,3527.74,C843181475,18586.25,15058.51,C419542041,5988.03,8754.75,0,0
461,CASH_OUT,8865.8,C280700842,63200.52,54334.72,C979332594,8423.97,15632.07,0,0
194,CASH_OUT,1170.93,C292103951,11195.61,10024.68,C961534450,11964.46,13065.47,0,0
215,PAYMENT,12652.4,C784837496,803.62,0.0,C988216847,2336.11,11651.92,0,0
312,CASH_OUT,8773.91,C126941274,36625.97,27852.06,C193897265,1075.63,7761.77,0,0
193,CASH_IN,3064.76,C844283983,4977.68,1912.92,C258659038,31507.99,33863.18,0,0
564,PAYMENT,7338.94,C936148467,8075.58,736.64,C264832359,5113.14,11651.5,0,0
78,CASH_OUT,10313.49,C120900299,2753.27,0.0,C626814150,27111.42,36315.95,0,0
615,PAYMENT,2671.93,C171218826,14900.53,12228.6,C487034528,95138.19,97306.64,0,0
259,CASH_IN,6426.82,C424156666,66023.6,59596.78,C771271163,12545.36,17576.65,0,0
417,CASH_OUT,1326.11,C402820674,54128.01,52801.9,C353889015,9371.11,10599.61,0,0
118,CASH_OUT,552561.2,C925852269,144247.27,0.0,C279779999,1560375.98,1952428.08,0,0
287,PAYMENT,54524.95,C515436275,178427.78,123902.83,C684107693,7134.06,57385.42,0,0
561,CASH_IN,13247.57,C458446224,620.91,0.0,C721541550,690.22,10799.2,0,0
202,PAYMENT,66823.04,C183501200,2229.58,0.0,C380857313,2962.52,67836.54,0,0
99,CASH_OUT,229.83,C898760993,886.88,657.05,C573749275,80260.47,80449.87,0,0
388,DEBIT,81.14,C516190521,34471.76,34390.62,C935516500,478.42,550.85,0,0
121,CASH_OUT,3949.23,C359967628,4723.84,774.61,C490078748,1268.48,4176.26,0,0
234,CASH_IN,677.62,C598015199,6413.94,5736.32,C140358431,36010.59,36536.54,0,0
335,CASH_OUT,5292.84,C910580664,9653.77,4360.93,C784348528,3014.18,7831.63,0,0
420,CASH_OUT,11733.25,C396004104,23714.83,11981.58,C514409769,4030.14,14180.65,0,0
476,CASH_OUT,42478.19,C604603691,1439.45,0.0,C137888647,33930.55,73483.83,0,0
503,PAYMENT,1044.32,C888078699,2021.72,977.4,C224861136,1352.52,2260.06,0,0
628,CASH_OUT,16636.18,C424435865,13385.73,0.0,C381602202,349.5,14836.27,0,0
50,CASH_IN,8315.71,C365344216,80669.75,72354.04,C271896797,403.43,8365.54,0,0
270,CASH_IN,15146.38,C139966303,12860.35,0.0,C715987037,14005.49,26537.71,0,0
1,CASH_IN,3179.28,C293876677,4074.53,895.25,C396680596,7835.64,10914.82,0,0
8,CASH_IN,97698.67,C225379294,532.56,0.0,C170681752,1412.87,80711.42,0,0
158,PAYMENT,6725.65,C736761320,55771.23,49045.58,C951072141,610.44,5981.4,0,0
445,CASH_IN,197506.74,C428352661,4429.77,0.0,C410512085,3019.87,187456.87,0,0
665,PAYMENT,1953.35,C734475714,2389.51,436.16,C740345294,36670.62,38044.73,0,0
575,CASH_IN,30856.08,C113578409,1019.44,0.0,C882969917,1091.74,24284.95,0,0
481,CASH_IN,7277.89,C376831102,1542.79,0.0,C209786378,1490.95,6742.16,0,0
579,PAYMENT,4492.05,C103674303,3159.53,0.0,C950428987,576.55,4411.11,0,0
128,CASH_OUT,25290.08,C158974870,9336.88,0.0,C752168227,2536.8,25005.05,0,0
624,CASH_OUT,4729.09,C525703062,2179.58,0.0,C326835893,9032.12,12357.2,0,0
662,TRANSFER,67.25,C338327863,17651.25,17584.0,C797910144,221306.63,221356.96,0,0
71,TRANSFER,32.68,C180203279,9231.05,9198.37,C477951793,7273.6,7299.44,0,0
350,PAYMENT,80046.25,C467813485,374365.71,294319.46,C671770669,4462.12,67560.01,0,0
617,CASH_IN,74195.98,C506715773,1036.22,0.0,C214214986,23232.0,77331.24,0,0
354,DEBIT,242126.04,C993042935,17021.27,0.0,C319810643,17209.0,199252.49,0,0
625,TRANSFER,18317.74,C695393806,18317.74,0.0,C796084644,1737.51,9228.67,1,0
696,TRANSFER,790.97,C180275876,2847.41,2056.44,C824765821,309808.03,310527.95,0,0
353,CASH_IN,3807.58,C447986661,15411.64,11604.06,C109837518,4703.72,7707.25,0,0
45,CASH_OUT,8271.44,C623003332,42378.29,34106.85,C292998251,7521.16,13964.8,0,0
253,CASH_OUT,1322.57,C118881224,15440.31,14117.74,C646777902,13258.94,14216.56,0,0
160,CASH_IN,157539.97,C927676065,106584.6,0.0,C915238856,9159.71,135927.68,0,0
353,PAYMENT,456391.0,C563573100,509.52,0.0,C706868201,76551.26,450527.56,0,0
436,CASH_OUT,19166.23,C808026128,3776.87,0.0,C449776559,1699.63,20314.92,0,0
345,CASH_OUT,7946.17,C348037851,122098.58,114152.41,C149247933,20132.45,27466.25,0,0
146,CASH_IN,787.65,C852596478,52472.24,51684.59,C819358406,6609.24,7273.82,0,0
224,CASH_OUT,131082.35,C430164529,30054.5,0.0,C498968718,28822.22,125883.09,0,0
505,CASH_IN,9296.12,C935408616,84950.42,75654.3,C555790186,3337.66,11674.87,0,0
21,CASH_OUT,4815.06,C569936085,753.83,0.0,C311545829,2615.61,7338.24,0,0
160,CASH_IN,19266.31,C672889152,44064.78,24798.47,C507384006,18356.38,32293.89,0,0
664,TRANSFER,2823.46,C283414597,65943.61,63120.15,C478460073,9361.75,12056.98,0,0
74,CASH_IN,10555.21,C995430457,4973.85,0.0,C220640737,1122.68,9081.67,0,0
309,CASH_OUT,603.99,C273375333,689592.19,688988.2,C645967059,55387.11,55936.97,0,0
154,CASH_IN,57340.18,C129953412,17935.25,0.0,C322776203,18370.78,61671.61,0,0
78,CASH_IN,6714.74,C495848174,498.12,0.0,C752120650,4300.27,10209.27,0,0
315,CASH_IN,65240.88,C851355708,23668.68,0.0,C565973003,2115.79,52435.26,0,0
388,CASH_IN,5641.78,C929060208,4537.86,0.0,C299053153,9465.75,14331.84,0,0
131,CASH_IN,6341.31,C871309602,76687.42,70346.11,C345650331,16137.05,21717.7,0,0
58,CASH_OUT,914.0,C597754393,30391.43,29477.43,C318736816,278.85,1088.25,0,0
101,PAYMENT,31810.85,C925030351,5448.62,0.0,C667698645,9664.61,38448.33,0,0
485,CASH_IN,1674.87,C542826455,127220.6,125545.73,C196167633,15908.33,17115.42,0,0
640,CASH_OUT,3375.98,C530352511,54675.83,51299.85,C717708350,71.21,3146.78,0,0
134,DEBIT,8118.37,C262675848,3858.83,0.0,C837140071,6996.33,13055.71,0,0
239,CASH_OUT,10078.94,C808980331,10635.28,556.34,C707317425,17159.31,26261.7,0,0
256,CASH_OUT,375.79,C384485226,29009.4,28633.61,C221203900,13982.77,14259.81,0,0
269,CASH_IN,5348.38,C432591965,7735.73,2387.35,C543700582,20835.36,25348.45,0,0
182,CASH_OUT,33908.28,C642817202,8090.14,0.0,C451920293,2725.43,30395.62,0,0
42,CASH_OUT,4101.02,C343003489,14116.33,10015.31,C519692822,756.1,4816.95,0,0
391,TRANSFER,5407.18,C397102194,2700.8,0.0,C786140935,192.57,5000.87,0,0
266,TRANSFER,10854.46,C636556285,469.12,0.0,C851149472,35101.59,42986.94,0,0
255,TRANSFER,6459.27,C742666358,19124.06,12664.79,C370008823,17422.5,23302.15,0,0
197,CASH_OUT,1267.84,C708004456,676.31,0.0,C396848435,40266.7,41228.03,0,0
691,CASH_IN,7589.92,C227045270,3012.25,0.0,C461601525,1332.41,7296.91,0,0
454,CASH_OUT,48500.61,C683645611,936.95,0.0,C591246274,20887.49,60344.33,0,0
312,CASH_OUT,1221.56,C294614469,1127.02,0.0,C742205158,328.71,1468.26,0,0
153,CASH_IN,4129.59,C162524336,25324.63,21195.04,C340849771,1027.53,5087.84,0,0
596,CASH_IN,673.89,C389519117,9571.43,8897.54,C294706310,6165.71,6824.3,0,0
661,CASH_OUT,44112.02,C710849892,9067.02,0.0,C129909846,16216.33,49353.5,0,0
25,CASH_OUT,6862.01,C697561520,1855.94,0.0,C184501415,100934.03,105861.8,0,0
691,CASH_IN,1753.98,C216804942,4995.17,3241.19,C286634638,3190.35,4854.11,0,0
520,PAYMENT,9567.03,C709186810,23498.29,13931.26,C725509473,1034.48,8558.62,0,0
75,CASH_OUT,928.45,C274986072,12355.65,11427.2,C796786043,943.06,1755.31,0,0
560,PAYMENT,1261.06,C767185242,45890.39,44629.33,C975831261,1424.93,2677.9,0,0
80,CASH_OUT,585.09,C609873006,56819.68,56234.59,C590584873,267760.51,268202.8,0,0
38,CASH_OUT,1187.73,C213882947,9151.47,7963.74,C909444147,19194.37,20159.35,0,0
86,CASH_IN,93265.7,C415163577,830.17,0.0,C232355012,36408.49,125969.65,0,0
342,CASH_OUT,2165.46,C489432213,4294.25,2128.79,C667229122,3196.55,5134.62,0,0
461,CASH_IN,18754.8,C719333021,11538.75,0.0,C836274889,4900.21,23303.66,0,0
303,CASH_IN,1798.41,C773440874,4168.32,2369.91,C552297119,17303.71,18903.42,0,0
91,PAYMENT,31798.07,C127454568,2746.45,0.0,C335292307,1977.45,27131.98,0,0
148,CASH_OUT,1278.0,C938327812,14833.28,13555.28,C658780112,2909.24,4112.52,0,0
634,CASH_IN,8695.93,C402038064,511679.97,502984.04,C996063815,1459.04,9526.94,0,0
716,PAYMENT,8911.81,C814065662,6423.5,0.0,C312349450,2196.26,10930.6,0,0
561,CASH_IN,535014.76,C619267541,13303.62,0.0,C606937749,5367.74,456304.97,0,0
77,CASH_OUT,25204.19,C424555741,1866.73,0.0,C145687975,1119.82,22564.85,0,0
610,CASH_OUT,2787.14,C867900226,86258.3,83471.16,C309369293,8223.59,10445.35,0,0
515,CASH_OUT,27808.25,C205675199,49618.28,21810.03,C790367372,8202.93,29910.81,0,0
391,CASH_OUT,380299.37,C286611655,44739.01,0.0,C546404292,3559.42,383462.65,0,0
107,CASH_IN,431.24,C894844159,102712.97,102281.73,C279304515,1108.29,1536.59,0,0
741,PAYMENT,1778.51,C122105255,7037.36,5258.85,C401843144,5936.85,7464.4,0,0
329,CASH_OUT,5290.06,C112395314,8487.7,3197.64,C208860192,1980.63,7199.41,0,0
33,CASH_IN,3824.72,C183769445,173653.6,169828.88,C948583202,5344.75,8430.71,0,0
157,CASH_OUT,4451.68,C593082861,34513.03,30061.35,C314143437,35476.63,39727.98,0,0
299,PAYMENT,774.63,C339670105,478.74,0.0,C871302445,515.28,1205.06,0,0
47,PAYMENT,101429.67,C837973238,26429.38,0.0,C890801607,245800.47,338620.77,0,0
241,TRANSFER,625.97,C124435450,5582.84,4956.87,C790603204,4313.3,4886.35,0,0
349,PAYMENT,5651.16,C573973758,51393.02,45741.86,C743541673,10314.55,15348.31,0,0
705,PAYMENT,53236.26,C765354977,24643.93,0.0,C875227423,1267.81,52145.62,0,0
65,CASH_OUT,7674.57,C482048101,981.6,0.0,C436131910,38406.45,44681.21,0,0
429,PAYMENT,1390.04,C932544244,19995.15,18605.11,C905494371,3920.1,5247.25,0,0
681,CASH_OUT,715.07,C695946649,18323.54,17608.47,C897951582,2417.74,2957.64,0,0
599,CASH_OUT,5356.15,C131079453,23044.76,17688.61,C306800040,1744.24,5814.85,0,0
688,PAYMENT,2074.23,C587359504,31675.33,29601.1,C165706364,3031.2,4929.54,0,0
127,CASH_OUT,11724.27,C445558696,125988.88,114264.61,C568905226,10436.09,21281.5,0,0
596,CASH_IN,650.27,C218362533,24855.48,24205.21,C782472312,6708.02,7339.23,0,0
728,CASH_OUT,35012.64,C300361027,13826.57,0.0,C864929997,4574.5,31968.56,0,0
243,CASH_OUT,9976.52,C175029687,74753.5,64776.98,C228213246,1365.73,8517.11,0,0
371,PAYMENT,11403.84,C300270124,386200.17,374796.33,C439649174,1230.88,10949.71,0,0
395,CASH_OUT,108438.47,C840733543,52712.41,0.0,C791065117,2144.0,106527.1,0,0
367,PAYMENT,3684.79,C639957261,18202.41,14517.62,C154366818,11254.2,14907.45,0,0
216,CASH_OUT,2194.11,C837974239,25560.3,23366.19,C750639425,16188.68,18289.21,0,0
722,PAYMENT,3023.06,C515461929,19615.31,16592.25,C362470920,20633.67,23194.16,0,0
711,CASH_IN,5729.89,C205282579,13736.03,8006.14,C120201898,4901.81,10396.86,0,0
283,PAYMENT,6879.24,C448826556,343779.67,336900.43,C317728280,9802.68,15059.74,0,0
599,CASH_OUT,1816.64,C279792832,4343.43,2526.79,C767640348,3629.28,5402.96,0,0
296,CASH_OUT,212.39,C600975255,75535.55,75323.16,C883056356,213.55,398.34,0,0
591,CASH_OUT,2952.26,C342482576,11061.37,8109.11,C173152891,3332.01,5743.44,0,0
435,CASH_OUT,15485.92,C382774110,1450.08,0.0,C517461714,2500.92,16043.24,0,0
350,CASH_OUT,10355.42,C986046035,10072.09,0.0,C281056513,757.27,10441.68,0,0
96,PAYMENT,70206.63,C253436632,5883.08,0.0,C715189813,1769.92,55972.0,0,0
487,TRANSFER,273724.05,C329224027,31772.8,0.0,C802619277,6267.7,206240.62,0,0
239,PAYMENT,31786.62,C744978728,15320.55,0.0,C965907234,639.16,29880.82,0,0
162,CASH_OUT,97590.67,C616330499,2884.08,0.0,C419433487,1367.29,97566.38,0,0
144,CASH_OUT,32215.2,C946122364,121359.42,89144.22,C785079601,79715.84,108422.59,0,0
730,PAYMENT,175925.99,C406510120,68541.93,0.0,C120487709,274.55,130947.98,0,0
77,PAYMENT,226734.85,C281367621,144218.28,0.0,C952854735,3534.31,206012.07,0,0
594,CASH_OUT,44895.7,C576432873,19061.9,0.0,C193704557,602.23,33600.1,0,0
644,TRANSFER,28896.75,C504183822,12662.5,0.0,C935358668,1270.36,24129.35,0,0
24,CASH_OUT,5600.34,C381745614,38381.88,32781.54,C245678580,3442.91,7416.24,0,0
438,PAYMENT,7522.04,C830057221,5618.32,0.0,C584321296,830.78,7196.31,0,0
430,TRANSFER,4411.16,C918431008,16237.67,11826.51,C462688493,13808.99,17322.07,0,0
267,PAYMENT,24791.42,C443377153,10264.87,0.0,C529314301,55942.02,74021.33,0,0
496,CASH_IN,2215.81,C712799958,1492.86,0.0,C973759191,22359.81,24116.3,0,0
304,DEBIT,5744.56,C985829605,16174.37,10429.81,C320798211,31079.5,36216.69,0,0
327,CASH_IN,116.83,C110702917,6894.99,6778.16,C297749320,410.13,502.04,0,0
321,PAYMENT,180153.01,C428308067,9285.15,0.0,C159593787,3173.12,137012.69,0,0
595,CASH_OUT,5448.77,C764048943,23055.91,17607.14,C709770782,11399.88,16104.56,0,0
471,PAYMENT,18398.87,C547900144,90111.2,71712.33,C647884289,23579.75,40616.52,0,0
282,PAYMENT,111749.61,C812698106,3740.01,0.0,C811522707,115385.66,221440.78,0,0
689,CASH_IN,13912.29,C157960729,8063.98,0.0,C828523571,33666.93,45375.92,0,0
596,CASH_OUT,109078.02,C490297422,4240.24,0.0,C950507502,24678.3,124301.63,0,0
694,PAYMENT,866.86,C464054877,3845.77,2978.91,C936239342,562683.2,563506.72,0,0
543,CASH_OUT,606389.54,C861068231,5476.09,0.0,C336859661,5845.08,552727.66,0,0
291,CASH_IN,57342.56,C239747713,9949.97,0.0,C739332022,2921.04,52131.36,0,0
575,CASH_IN,11808.38,C227348744,32170.57,20362.19,C462381613,6763.15,15241.35,0,0
245,CASH_OUT,105360.47,C610898235,21604.75,0.0,C636364465,946.63,83866.41,0,0
202,PAYMENT,988.77,C996003282,2737.26,1748.49,C399245515,5551.04,6338.05,0,0
336,DEBIT,4819.83,C656741419,93082.41,88262.58,C691316676,219.57,4164.62,0,0
721,CASH_IN,109059.7,C834659895,55084.21,0.0,C957479606,1894.79,109347.8,0,0
422,CASH_OUT,281.26,C640545357,3457.23,3175.97,C686999841,3993.4,4207.91,0,0
286,CASH_OUT,22221.69,C648280143,83798.16,61576.47,C928764822,27155.73,46321.19,0,0
344,CASH_OUT,21118.76,C318757870,21816.19,697.43,C938534622,36314.16,57377.28,0,0
217,PAYMENT,280577.84,C964018312,10565.16,0.0,C206990723,867.39,249357.89,0,0
490,CASH_OUT,469.04,C809045360,22859.45,22390.41,C836448166,206253.27,206610.99,0,0
261,CASH_OUT,146874.81,C884950940,12853.14,0.0,C484040477,6419.35,151540.08,0,0
412,PAYMENT,2960.02,C413865953,30261.09,27301.07,C640071471,7571.0,9941.64,0,0
275,CASH_OUT,3624.18,C229372921,17693.87,14069.69,C655371258,267.24,2856.21,0,0
239,PAYMENT,898.2,C873915800,8053.49,7155.29,C807746414,1609.85,2354.82,0,0
721,CASH_IN,1143.52,C525664024,639.87,0.0,C822526348,32522.35,33405.37,0,0
257,CASH_IN,16753.13,C962630032,29459.56,12706.43,C192194762,6671.51,22514.26,0,0
53,CASH_IN,1094.23,C725044068,7627.51,6533.28,C100934341,5967.4,6805.57,0,0
282,PAYMENT,30715.17,C331477462,42912.56,12197.39,C321845614,7397.59,36452.8,0,0
396,PAYMENT,2456.91,C419339088,27515.72,25058.81,C864274738,365.85,2112.35,0,0
71,CASH_IN,912.82,C649187925,7930.76,7017.94,C687588705,4130.3,5023.72,0,0
228,CASH_IN,3133.62,C288846571,61974.75,58841.13,C222296655,62006.51,64239.71,0,0
124,CASH_OUT,14854.72,C138281456,18165.19,3310.47,C745484904,34754.83,49335.66,0,0
372,DEBIT,4918.53,C760769219,17076.6,12158.07,C521364537,3923.11,7474.82,0,0
538,PAYMENT,8617.74,C126390930,10859.92,2242.18,C431910468,82010.59,90298.92,0,0
720,PAYMENT,28372.44,C477837845,166930.62,138558.18,C794491381,509.6,27446.38,0,0
290,PAYMENT,56860.64,C209192318,4582.96,0.0,C366079978,854.87,50797.11,0,0
642,CASH_OUT,4637.03,C628576460,8233.68,3596.65,C263928309,140719.0,144014.98,0,0
160,PAYMENT,1236.95,C130971493,2088.07,851.12,C443407723,13909.84,15006.2,0,0
580,CASH_OUT,9292.57,C123276162,39739.33,30446.76,C661072353,2921.94,11149.15,0,0
419,CASH_OUT,18904.76,C469908153,5579.07,0.0,C927373088,4448.96,20842.4,0,0
564,PAYMENT,584.46,C725897309,6600.8,6016.34,C361311395,1150.63,1670.48,0,0
562,CASH_IN,1630.93,C546392218,6152.38,4521.45,C906380335,8085.82,9701.15,0,0
396,PAYMENT,2220.45,C829293547,14677.67,12457.22,C834946396,7011.45,9228.91,0,0
192,PAYMENT,5574.29,C662725906,2046.45,0.0,C423969334,5093.87,9866.29,0,0
391,PAYMENT,2059.34,C775269463,461.8,0.0,C226075654,609.38,2107.63,0,0
615,CASH_OUT,28931.13,C384101174,26543.92,0.0,C332069625,7915.36,29329.91,0,0
722,CASH_OUT,450.68,C947821144,560.97,110.29,C692029749,1894.82,2307.69,0,0
690,PAYMENT,471.78,C231238155,48108.14,47636.36,C809914440,833.17,1302.4,0,0
135,PAYMENT,4442.62,C644780224,138384.54,133941.92,C651044945,48056.68,51747.68,0,0
444,CASH_OUT,5906.6,C491886047,10442.76,4536.16,C752482016,244140.33,248448.67,0,0
78,PAYMENT,590.9,C128573387,93829.95,93239.05,C191522636,162221.22,162697.43,0,0
498,CASH_OUT,2718.54,C732021763,12882.37,10163.83,C886406730,15838.85,18055.83,0,0
738,DEBIT,3936.79,C305014623,147099.09,143162.3,C450127233,3047.1,6979.87,0,0
40,PAYMENT,3992.06,C147120827,6739.04,2746.98,C908994151,4330.16,7946.87,0,0
488,CASH_OUT,10650.76,C708255110,384.78,0.0,C211418113,10199.4,18031.54,0,0
703,CASH_OUT,2463.06,C590582204,11850.58,9387.52,C980864873,2306.66,4279.87,0,0
630,TRANSFER,115856.23,C144859189,173155.41,57299.18,C806624729,52778.44,135565.55,0,0
292,PAYMENT,19511.68,C987472517,29805.63,10293.95,C942694712,125.93,17606.8,0,0
78,PAYMENT,1895.42,C746289806,6167.29,4271.87,C439193511,2886.19,4595.52,0,0
687,CASH_OUT,9605.78,C516390112,21880.51,12274.73,C248441319,20783.79,27673.53,0,0
685,TRANSFER,10129.71,C343941112,57336.19,47206.48,C926909178,1073.54,9183.95,0,0
431,CASH_IN,72149.72,C151437711,11749.61,0.0,C192482122,3189.86,73236.52,0,0
728,CASH_OUT,2749.88,C430977790,686653.53,683903.65,C693705435,14307.77,16914.78,0,0
4,CASH_OUT,32247.95,C201556308,6147.94,0.0,C976301270,75575.27,103703.99,0,0
459,PAYMENT,8737.14,C213311609,60100.06,51362.92,C579934798,478.62,7864.88,0,0
29,PAYMENT,118755.23,C411023757,41894.33,0.0,C509156041,418.83,118919.4,0,0
696,PAYMENT,82752.1,C444336842,4676.28,0.0,C482699721,895.29,76750.72,0,0
506,PAYMENT,11551.41,C415112462,7068.05,0.0,C943515361,308.72,11695.99,0,0
679,CASH_OUT,5053.78,C720968026,61521.87,56468.09,C358395495,350.91,3997.09,0,0
419,CASH_OUT,20168.77,C569895074,16600.4,0.0,C963812285,853.38,16255.17,0,0
62,CASH_OUT,5855.81,C273441314,22183.58,16327.77,C685377883,45264.95,49418.67,0,0
20,CASH_IN,166800.34,C975116379,1148.31,0.0,C964690586,2802.48,162993.4,0,0
250,CASH_OUT,9332.39,C757091253,35739.01,26406.62,C650887389,5200.32,13676.64,0,0
553,PAYMENT,3904.34,C144251939,20556.76,16652.42,C837007654,880.21,3821.33,0,0
113,PAYMENT,3542.87,C770058775,12138.47,8595.6,C516165530,15372.98,18888.42,0,0
634,PAYMENT,912.82,C515401892,22956.07,22043.25,C331739040,143828.26,144728.98,0,0
178,CASH_OUT,22066.29,C245578284,7231.3,0.0,C289269364,994.53,17927.75,0,0
369,CASH_OUT,1851.92,C196788970,5498.04,3646.12,C133922273,109595.0,111250.81,0,0
151,CASH_IN,58493.26,C360888762,9294.44,0.0,C988965967,9470.75,62139.89,0,0
347,CASH_OUT,790.54,C307137605,6658.8,5868.26,C721199610,5066.24,5620.57,0,0
336,CASH_OUT,10188.7,C288383959,351791.64,341602.94,C427198865,10099.32,19336.74,0,0
5,CASH_OUT,64241.38,C466765908,52459.99,0.0,C568330366,9926.35,59161.08,0,0
422,CASH_IN,168.33,C392831895,3125.33,2957.0,C101809671,139077.69,139241.04,0,0
585,PAYMENT,306470.87,C883929358,283351.66,0.0,C930703915,12536.47,304159.48,0,0
696,CASH_OUT,3768.7,C879246358,6979.38,3210.68,C883400880,13016.76,16678.38,0,0
246,CASH_OUT,10445.97,C107572778,13963.23,3517.26,C973352946,2301.46,11987.65,0,0
655,CASH_OUT,22665.71,C710781041,51334.88,28669.17,C184919662,22255.38,39242.69,0,0
653,CASH_OUT,29942.44,C991981900,695.77,0.0,C952906732,878.03,25076.5,0,0
735,CASH_OUT,13266.42,C620477606,9362.44,0.0,C652149452,5980.19,18088.18,0,0
278,CASH_OUT,48790.57,C291917470,5653.33,0.0,C599551837,881967.42,920853.38,0,0
633,DEBIT,20626.4,C457543556,18171.69,0.0,C426972021,54.19,18886.3,0,0
420,CASH_IN,192834.2,C943242937,23273.59,0.0,C988876457,7477.58,161908.39,0,0
44,PAYMENT,20747.68,C650973195,11897.83,0.0,C405740418,8013.81,23643.43,0,0
201,CASH_IN,278269.11,C487790011,11098.1,0.0,C951739723,3259.86,241304.93,0,0
500,CASH_OUT,41025.2,C212146448,66018.95,24993.75,C268777235,3401.14,40564.57,0,0
120,CASH_IN,314.08,C246279869,20998.97,20684.89,C914047001,5793.76,6062.35,0,0
324,CASH_OUT,890897.64,C749444603,14216.2,0.0,C966864067,3122.52,798302.29,0,0
576,CASH_OUT,2881.83,C372804717,16677.33,13795.5,C376620044,7328.77,9724.77,0,0
112,PAYMENT,119608.5,C350756450,209783.96,90175.46,C720275339,2043.26,113697.72,0,0
369,CASH_OUT,8503.46,C254066154,17309.5,8806.04,C582673608,187270.07,194880.58,0,0
160,PAYMENT,54718.79,C437572632,6175.39,0.0,C727284858,3122.46,50858.15,0,0
399,CASH_OUT,2346.64,C474976533,762.42,0.0,C218844813,13702.05,15651.2,0,0
179,CASH_IN,24992.73,C122291489,1554.79,0.0,C564427526,1474.0,22985.7,0,0
718,CASH_OUT,5137.17,C244159742,6630.67,1493.5,C609826949,26361.44,30036.07,0,0
57,CASH_OUT,138996.72,C912347298,11355.24,0.0,C842235701,18402.5,143501.76,0,0
716,CASH_OUT,17847.21,C966469465,5805.54,0.0,C642602190,10453.25,24040.75,0,0
589,TRANSFER,43682.23,C997788833,22622.86,0.0,C463000643,773.4,42622.93,0,0
636,PAYMENT,164.79,C201405566,5694.4,5529.61,C118149995,1268.61,1424.12,0,0
633,TRANSFER,6946.33,C141025471,3388.92,0.0,C595992701,102243.38,108206.02,0,0
140,CASH_OUT,16966.45,C545833065,33488.78,16522.33,C327213071,1243.58,17431.94,0,0
692,PAYMENT,12118.72,C619009570,104202.54,92083.82,C897530578,15578.14,26500.03,0,0
442,CASH_OUT,45710.49,C796058885,2538.3,0.0,C921563794,897.48,34831.94,0,0
715,PAYMENT,4193.84,C402781444,19255.92,15062.08,C996234223,30184.68,34052.37,0,0
653,TRANSFER,8846.85,C132570619,767.0,0.0,C460079348,1428.65,10264.37,0,0
431,PAYMENT,67928.31,C508741517,1462.92,0.0,C487461750,868.06,49252.93,0,0
279,PAYMENT,134.07,C484319333,5523.97,5389.9,C351282351,1363.46,1467.16,0,0
88,PAYMENT,23407.95,C661785428,73303.65,49895.7,C505976766,1813.76,22396.89,0,0
76,CASH_IN,4442.65,C189845093,4154.47,0.0,C297894372,10182.36,13845.58,0,0
290,PAYMENT,1568.43,C651870003,3927.86,2359.43,C578325035,5568.55,6966.44,0,0
603,CASH_OUT,14850.36,C460833744,14102.83,0.0,C917064461,684.52,13692.27,0,0
376,PAYMENT,73822.02,C765122899,14123.92,0.0,C620416121,4673.65,73800.36,0,0
358,PAYMENT,52599.34,C985439656,4114.62,0.0,C404053062,627.47,38565.84,0,0
182,CASH_IN,6353.73,C304858964,262848.3,256494.57,C897481137,15652.77,20940.25,0,0
420,CASH_IN,39196.15,C778269952,8972.82,0.0,C344906470,21772.98,59323.52,0,0
475,CASH_IN,38658.51,C532882747,15841.33,0.0,C406582292,4707.42,35975.53,0,0
730,CASH_OUT,396996.91,C799758113,396996.91,0.0,C235923045,8014.25,13907.42,1,0
542,CASH_IN,2327.28,C647299064,25847.19,23519.91,C747457319,115130.71,116774.87,0,0
452,PAYMENT,2582.67,C445951673,85172.71,82590.04,C225589299,3700.84,5682.4,0,0
677,CASH_OUT,36612.17,C778798749,162023.32,125411.15,C431026410,898.15,31619.3,0,0
316,PAYMENT,7511.09,C693182505,4258.2,0.0,C905943054,13940.47,20097.24,0,0
695,CASH_OUT,1232.59,C651929304,69646.85,68414.26,C398961260,639.84,1766.92,0,0
275,CASH_OUT,390.43,C517659426,30470.71,30080.28,C206179318,3364.3,3709.27,0,0
95,CASH_IN,36217.46,C205363050,57630.37,21412.91,C494090639,1672.07,36588.77,0,0
311,PAYMENT,3028.43,C363291700,11639.75,8611.32,C998984520,1389.53,4286.01,0,0
96,CASH_IN,14686.71,C944021705,10091.4,0.0,C373800206,3133.3,14476.81,0,0
88,CASH_IN,75468.64,C568160253,54370.23,0.0,C333924851,24829.91,78057.31,0,0
655,CASH_IN,768.11,C332644126,55940.21,55172.1,C459748017,35961.49,36696.07,0,0
591,PAYMENT,7470.77,C735202234,139885.69,132414.92,C906443483,26034.31,32001.48,0,0
165,CASH_IN,5959.55,C538008711,17994.5,12034.95,C592348482,9004.12,13796.39,0,0
623,PAYMENT,16051.17,C296874158,11380.17,0.0,C648267358,3090.57,15089.12,0,0
52,PAYMENT,75394.38,C231521865,333.69,0.0,C802481854,70.52,68521.24,0,0
212,PAYMENT,740.25,C455507926,1191.67,451.42,C743563149,9526.09,10106.47,0,0
525,CASH_IN,22598.44,C608855588,7395.47,0.0,C638967035,81.22,17098.36,0,0
226,CASH_IN,51882.81,C352149125,2561.66,0.0,C604827020,154.15,44307.31,0,0
543,CASH_OUT,5793.67,C320755321,45306.05,39512.38,C579919076,3673.86,9033.73,0,0
650,CASH_IN,6327.09,C342649454,1872.39,0.0,C262730075,7912.82,12853.52,0,0
50,PAYMENT,17209.36,C364247293,6298.35,0.0,C472902030,2182.11,17956.41,0,0
18,CASH_OUT,15073.16,C549125327,6680.58,0.0,C862346414,77960.38,90600.62,0,0
699,CASH_OUT,23114.95,C522199653,81398.7,58283.75,C135445058,11291.25,30271.67,0,0
387,CASH_IN,22254.62,C246273627,5364.95,0.0,C845175489,3137.14,21115.67,0,0
377,CASH_OUT,1383.61,C590102646,26334.05,24950.44,C609345992,59596.84,60625.8,0,0
345,CASH_IN,48169.42,C770961470,17917.97,0.0,C414716918,82224.12,120749.55,0,0
323,PAYMENT,66185.04,C502249883,51788.98,0.0,C202655850,12364.76,76152.28,0,0
513,CASH_IN,11327.05,C376273428,47825.9,36498.85,C787465626,1217.48,9493.59,0,0
431,TRANSFER,550.33,C417051306,12706.13,12155.8,C588736232,1825.32,2368.77,0,0
122,PAYMENT,6590.98,C124176021,1048.96,0.0,C918144226,363.53,5189.77,0,0
466,CASH_IN,11498.03,C126276944,9436.96,0.0,C264072791,4553.49,13850.91,0,0
497,CASH_IN,1032.48,C798714520,12965.75,11933.27,C136896192,742.43,1652.97,0,0
85,CASH_OUT,4237.6,C858928926,20517.1,16279.5,C748054218,2718.04,6749.49,0,0
280,CASH_IN,641.07,C971699167,4418.99,3777.92,C891348374,7856.37,8332.73,0,0
588,CASH_IN,24176.25,C663250523,73965.32,49789.07,C299332732,138.29,18085.06,0,0
460,PAYMENT,10924.02,C936269047,13635.46,2711.44,C818533080,505.36,10211.5,0,0
102,PAYMENT,418.88,C474764639,3358.51,2939.63,C767940582,1973.72,2303.72,0,0
30,CASH_IN,15254.61,C328675462,6718.76,0.0,C402440068,4471.37,18099.09,0,0
432,CASH_OUT,7319.4,C320979519,241063.09,233743.69,C207922177,2020.29,8945.72,0,0
344,CASH_OUT,20528.01,C312975419,36191.04,15663.03,C486397229,3020.17,17863.18,0,0
715,TRANSFER,4004.77,C770623676,64388.15,60383.38,C826638300,1378.65,5196.59,0,0
389,CASH_IN,1914.74,C108942211,2800.69,885.95,C682740138,361.8,1723.71,0,0
693,PAYMENT,2023.29,C950927118,4754.07,2730.78,C802915247,1877.03,3838.91,0,0
160,PAYMENT,3075.72,C797332115,4807.18,1731.46,C404943685,3348.6,6401.82,0,0
333,CASH_IN,8382.36,C442728734,17616.49,9234.13,C133621765,2811.01,10357.12,0,0
104,CASH_IN,10575.82,C731672473,10290.71,0.0,C652058689,6010.32,16536.19,0,0
427,CASH_OUT,5748.56,C221388461,6410.92,662.36,C609010019,10446.37,15887.94,0,0
141,PAYMENT,3782.06,C488253153,7737.98,3955.92,C615949122,16765.98,19463.76,0,0
366,CASH_OUT,168343.23,C198275272,168343.23,0.0,C867635137,1571.22,4589.47,1,0
256,PAYMENT,739629.46,C200887254,10201.0,0.0,C792360412,288.17,522643.74,0,0
138,PAYMENT,2023.72,C816229699,70956.58,68932.86,C703102373,48478.39,50169.35,0,0
72,PAYMENT,2968.02,C769559896,1380.62,0.0,C803809972,9835.98,12468.66,0,0
381,CASH_OUT,3044774.48,C903677283,22465.12,0.0,C359664493,881.48,2572015.55,0,0
704,CASH_OUT,17288.97,C968310610,105888.19,88599.22,C740550372,8102.02,23716.36,0,0
148,PAYMENT,675.89,C993535977,10149.9,9474.01,C311467803,33603.67,34167.96,0,0
301,CASH_OUT,36932.12,C114273355,6043.18,0.0,C713091399,110472.04,136796.12,0,0
167,PAYMENT,1574.87,C805777528,53441.73,51866.86,C565079717,7716.36,8925.62,0,0
602,CASH_IN,41618.94,C750899804,3052.35,0.0,C971963238,33103.93,74630.78,0,0
309,CASH_IN,5542.87,C245965400,12912.65,7369.78,C463158665,557.08,5012.21,0,0
724,PAYMENT,3671.54,C223129807,2808.02,0.0,C296064776,4607.2,7535.0,0,0
183,CASH_OUT,146751.64,C979938510,808.23,0.0,C222709782,2689.14,112142.03,0,0
60,CASH_IN,22460.7,C894285556,10636.25,0.0,C864357047,9105.43,31479.5,0,0
433,CASH_IN,46694.47,C395032098,2008.03,0.0,C717591591,89335.04,125249.52,0,0
485,CASH_OUT,17727.2,C167289803,13127.89,0.0,C620199952,7706.36,23555.33,0,0
737,PAYMENT,3640.95,C400257648,71149.92,67508.97,C468949988,908.83,3503.42,0,0
648,CASH_IN,24353.67,C104786121,215643.77,191290.1,C941151259,505.63,18038.85,0,0
657,CASH_IN,71438.18,C718603257,15371.86,0.0,C968587451,95073.36,160441.12,0,0
472,CASH_OUT,10327.12,C442139533,61625.05,51297.93,C821355593,12392.27,21589.09,0,0
268,TRANSFER,207514.54,C144144268,24305.16,0.0,C790876769,11009.86,198613.11,0,0
319,CASH_OUT,37454.31,C981748331,7520.06,0.0,C598273013,2647.27,31460.54,0,0
100,TRANSFER,11867.62,C843192756,744.59,0.0,C318245287,7959.74,19773.56,0,0
321,PAYMENT,12742.21,C914257528,153236.61,140494.4,C688199218,831.7,11885.73,0,0
271,CASH_OUT,10373.68,C997567548,2769.29,0.0,C744381712,9867.06,20145.97,0,0
27,PAYMENT,852.16,C112755470,106314.44,105462.28,C569772858,593.02,1231.5,0,0
152,PAYMENT,6890.3,C797562800,29887.97,22997.67,C118379575,2574.17,8234.76,0,0
398,CASH_OUT,12065.87,C808775209,3090.17,0.0,C964002943,1545.02,11206.23,0,0
275,CASH_OUT,3831.63,C803508841,21332.72,17501.09,C843760452,13.97,3564.06,0,0
739,PAYMENT,14880.67,C451282303,327540.37,312659.7,C416984109,2632.83,16386.61,0,0
356,PAYMENT,8419.9,C936226258,133716.73,125296.83,C544256710,974.61,8097.54,0,0
713,PAYMENT,32618.84,C159329249,6191.49,0.0,C211029343,3365.39,26356.6,0,0
491,TRANSFER,26731.62,C676971246,4591.81,0.0,C943065684,4930.03,25047.22,0,0
31,CASH_OUT,10947.6,C813400690,15526.63,4579.03,C307566043,118453.71,126282.12,0,0
152,PAYMENT,691.61,C818240000,10422.58,9730.97,C336856243,8505.57,9165.44,0,0
525,PAYMENT,203475.51,C790177015,80789.81,0.0,C671217618,8967.86,169089.14,0,0
406,CASH_IN,6276.68,C789273045,40513.22,34236.54,C995550704,11993.32,16609.04,0,0
225,CASH_IN,7005.17,C204366609,1055.36,0.0,C869728312,23605.98,29253.91,0,0
388,CASH_OUT,4374.13,C320086096,26582.62,22208.49,C577610084,11133.38,14296.69,0,0
671,PAYMENT,3363.91,C374610756,10212.46,6848.55,C217868358,8160.69,11503.26,0,0
289,CASH_OUT,130522.97,C408784182,14124.44,0.0,C331066437,17680.97,121381.78,0,0
34,PAYMENT,98211.62,C424590538,19407.49,0.0,C919951447,62.31,96301.84,0,0
232,CASH_IN,18032.09,C297875670,80667.7,62635.61,C455887691,211143.41,227459.18,0,0
696,CASH_OUT,6677.51,C714951737,57912.55,51235.04,C566621841,85949.37,91757.68,0,0
567,PAYMENT,24696.39,C199213227,4338.94,0.0,C493021816,7265.15,28075.54,0,0
623,CASH_IN,9254.22,C808970646,12235.32,2981.1,C510142532,386.29,8772.59,0,0
678,PAYMENT,5753.7,C692778879,6817.29,1063.59,C248481313,43418.06,48630.24,0,0
88,CASH_IN,14892.17,C964918367,1071.95,0.0,C597597359,1409.55,11881.07,0,0
211,PAYMENT,3662.55,C105884028,11338.33,7675.78,C462674283,12847.62,16408.85,0,0
45,CASH_IN,12760.07,C365866442,212592.32,199832.25,C862965552,488.22,10828.84,0,0
4,TRANSFER,11702.97,C908502774,1024.47,0.0,C529498365,270366.15,279798.53,0,0
621,PAYMENT,23987.42,C544272767,12886.14,0.0,C968194208,366.5,20083.61,0,0
697,CASH_IN,2658.6,C126064836,12280.81,9622.21,C366999667,5564.57,7972.16,0,0
116,CASH_IN,29092.78,C785897089,20570.29,0.0,C395489898,107.78,23754.55,0,0
537,CASH_IN,1585.47,C966813289,3152.38,1566.91,C133052429,4563.29,5850.93,0,0
398,DEBIT,2891.06,C269760157,1575.51,0.0,C764767343,2285.83,4364.62,0,0
52,PAYMENT,3127.33,C634425585,1689.36,0.0,C166123824,38060.42,40640.44,0,0
681,CASH_OUT,1176.51,C529687014,98361.1,97184.59,C356837029,2285.45,3161.77,0,0
648,CASH_OUT,50422.47,C954863793,3059.39,0.0,C919497078,38159.21,86397.22,0,0
422,DEBIT,1416.16,C428027553,6314.83,4898.67,C602901159,777.89,1911.32,0,0
526,CASH_OUT,2302.96,C457934496,313937.41,311634.45,C824310629,2958.59,5234.51,0,0
296,PAYMENT,77631.91,C661670169,4440.92,0.0,C794343672,3067.32,73352.02,0,0
590,CASH_OUT,2901.41,C253371170,22328.06,19426.65,C698746855,11992.77,14681.93,0,0
331,PAYMENT,5775.29,C845754109,65888.39,60113.1,C503844565,9538.33,15223.09,0,0
735,TRANSFER,1310.74,C306906915,61302.77,59992.03,C432780114,18033.84,19045.31,0,0
47,CASH_OUT,36290.53,C317513019,1812.81,0.0,C734719707,7944.98,39524.54,0,0
128,CASH_IN,37202.28,C109644224,4582.37,0.0,C328106450,16161.17,42657.29,0,0
720,CASH_IN,30641.26,C408588291,21026.65,0.0,C703877160,976.37,23351.46,0,0
215,CASH_OUT,21323.26,C624440159,241234.84,219911.58,C220075453,9895.52,27166.85,0,0
231,CASH_OUT,9250.75,C734431284,4263.02,0.0,C154373781,88855.85,97225.47,0,0
588,PAYMENT,3153.04,C908691323,6371.44,3218.4,C428425811,238.89,3232.73,0,0
141,PAYMENT,1868.81,C800146538,25068.36,23199.55,C306890011,11851.55,13303.47,0,0
382,CASH_OUT,82605.37,C842857184,33843.0,0.0,C884780024,16617.37,93004.47,0,0
213,PAYMENT,32101.17,C275099947,37063.24,4962.07,C440445990,68195.61,92826.43,0,0
148,CASH_OUT,2326.34,C288398096,3753.58,1427.24,C476928564,18158.33,19790.99,0,0
717,PAYMENT,8705.39,C422258591,6014.5,0.0,C463153698,5887.39,12123.27,0,0
149,CASH_IN,4721.08,C282817329,18457.97,13736.89,C925952538,10658.7,14792.8,0,0
71,PAYMENT,1063.39,C910009988,88740.08,87676.69,C765219019,1308.89,2211.86,0,0
501,PAYMENT,11156.44,C343246606,9341.98,0.0,C242962304,2444.65,11159.25,0,0
645,PAYMENT,3835.72,C452755409,12920.2,9084.48,C294026024,443.96,3136.5,0,0
95,PAYMENT,1458.89,C644499411,2867.25,1408.36,C172906949,71442.85,72712.67,0,0
526,CASH_OUT,565.42,C463499510,218565.33,217999.91,C330658122,11051.08,11585.56,0,0
402,PAYMENT,485.49,C986340649,16838.02,16352.53,C942317783,944.82,1294.65,0,0
617,CASH_OUT,4152.36,C492287768,67280.93,63128.57,C533474755,8009.97,11834.05,0,0
95,PAYMENT,6952.31,C201747381,13972.49,7020.18,C173430723,39609.56,45799.64,0,0
726,CASH_IN,1676.49,C757236978,15182.53,13506.04,C142646245,29349.36,30763.99,0,0
460,CASH_IN,26142.85,C735041790,1407.45,0.0,C473168062,925.42,19604.55,0,0
626,CASH_OUT,7201.3,C297046100,530.52,0.0,C338219701,17.45,7053.63,0,0
269,CASH_IN,22888.58,C865165714,87365.68,64477.1,C206458993,10013.55,29313.94,0,0
701,PAYMENT,5829.93,C452743397,15019.24,9189.31,C600253182,995.89,5775.75,0,0
466,PAYMENT,1964.88,C235714164,18208.47,16243.59,C352911235,15065.9,16949.12,0,0
95,PAYMENT,9950.83,C255209316,2051.69,0.0,C428234739,27186.8,36676.64,0,0
686,CASH_IN,834.79,C743007912,3447.5,2612.71,C299660828,36480.74,37247.23,0,0
592,PAYMENT,21396.64,C294433227,65739.35,44342.71,C410667014,113610.69,133911.99,0,0
224,CASH_IN,1499.87,C522764399,181718.79,180218.92,C396749419,45498.86,46604.71,0,0
406,CASH_OUT,42311.68,C760690417,5261.07,0.0,C908655179,114598.26,153875.12,0,0
289,PAYMENT,4406.25,C540682415,36578.83,32172.58,C903447451,58824.2,62342.2,0,0
404,CASH_IN,54861.13,C372358302,17765.92,0.0,C488428611,68816.01,121496.32,0,0
718,CASH_IN,1074.14,C885236412,11150.13,10075.99,C359185051,4566.2,5437.4,0,0
668,CASH_IN,2392.31,C325288575,214902.25,212509.94,C476046114,482.61,2196.2,0,0
161,CASH_OUT,16085.65,C157946623,6769.6,0.0,C647107205,428517.33,441776.96,0,0
723,PAYMENT,66628.97,C752807499,85911.15,19282.18,C780533127,5504.47,67271.73,0,0
326,CASH_IN,162737.87,C781169748,23674.05,0.0,C463011500,44876.72,183249.41,0,0
524,CASH_IN,8729.46,C933692499,13025.52,4296.06,C205569492,1825.31,9935.77,0,0
568,CASH_OUT,221447.79,C929374817,104613.28,0.0,C208731348,27863.15,185219.99,0,0
359,CASH_OUT,4810.73,C192020484,20644.45,15833.72,C884687878,60.28,3683.48,0,0
340,PAYMENT,58558.51,C659213596,11560.61,0.0,C474486453,2347.72,53239.89,0,0
340,TRANSFER,1486.34,C733990232,105784.92,104298.58,C394444960,4116.92,5329.17,0,0
641,PAYMENT,17263.69,C640788454,87020.01,69756.32,C657458066,11301.56,26908.85,0,0
288,PAYMENT,119.7,C116827873,81060.01,80940.31,C960860432,33848.31,33966.67,0,0
208,CASH_OUT,1076.14,C140504848,39.18,0.0,C482188217,685.77,1652.1,0,0
269,PAYMENT,18770.06,C703492754,25855.15,7085.09,C383704521,16122.04,31611.26,0,0
145,CASH_IN,763.27,C870429719,18364.52,17601.25,C876448604,44712.15,45370.63,0,0
291,CASH_IN,17474.7,C261276273,12679.03,0.0,C174586926,335253.03,352270.73,0,0
85,PAYMENT,41424.37,C141763204,33345.21,0.0,C859843124,17534.58,54895.09,0,0
67,CASH_IN,3286.65,C463606833,19748.55,16461.9,C568037695,2149.28,5241.87,0,0
538,PAYMENT,1416.42,C382158645,36927.47,35511.05,C305079021,498.11,1617.73,0,0
58,PAYMENT,3451.15,C984613283,8937.91,5486.76,C711301989,132265.18,135451.61,0,0
423,TRANSFER,1424.45,C933276758,126408.11,124983.66,C777690833,18531.28,19587.98,0,0
580,CASH_OUT,6753.5,C602296365,42976.82,36223.32,C276060464,4724.15,10970.68,0,0
539,CASH_OUT,9737.73,C954770628,30145.47,20407.74,C691575056,266.22,9657.94,0,0
332,PAYMENT,4671.25,C305930761,28016.75,23345.5,C990340626,919.54,5450.98,0,0
144,CASH_OUT,165024.07,C992710486,75805.18,0.0,C717822241,15311.76,136600.66,0,0
692,CASH_OUT,2219.58,C502298267,61853.98,59634.4,C732204026,9291.91,11398.21,0,0
621,PAYMENT,99168.9,C528762056,11280.62,0.0,C274140539,147.91,72836.83,0,0
455,TRANSFER,1243.6,C145501354,59010.2,57766.6,C673746208,15347.42,16396.42,0,0
65,PAYMENT,9237.25,C259686591,17345.33,8108.08,C737767238,292.02,8649.48,0,0
27,CASH_IN,68158.4,C274976585,236899.24,168740.84,C380197924,56230.6,113843.17,0,0
235,CASH_OUT,62096.37,C270815089,69327.14,7230.77,C255883608,7153.81,56953.41,0,0
118,DEBIT,3802.96,C192081632,5226.96,1424.0,C758590896,2134.19,5576.43,0,0
640,CASH_IN,22007.21,C644601632,440676.37,418669.16,C551461968,29210.33,48978.61,0,0
153,CASH_OUT,17294.13,C885282497,570.74,0.0,C631370356,9286.33,24416.41,0,0
211,CASH_OUT,3065.94,C162965677,34753.38,31687.44,C559834656,53362.83,55995.03,0,0
725,CASH_IN,24555.96,C604483509,4701.46,0.0,C880406001,5680.85,28069.06,0,0
608,CASH_OUT,231534.9,C964259117,224868.36,0.0,C500600971,6309.9,196379.47,0,0
163,CASH_IN,18940.56,C264665080,19520.28,579.72,C630380529,2941.13,16590.27,0,0
285,DEBIT,22458.88,C171577632,4061.5,0.0,C702345996,7889.92,27232.32,0,0
384,CASH_IN,27170.28,C942700279,8957.6,0.0,C597474879,104434.11,129350.25,0,0
494,PAYMENT,584.2,C464716608,4578.39,3994.19,C891668256,1988.28,2449.65,0,0
696,CASH_IN,18553.33,C194641478,8445.04,0.0,C313584042,15777.17,29547.92,0,0
648,PAYMENT,1299.63,C879572447,8160.24,6860.61,C710300795,1007.47,2272.73,0,0
727,CASH_IN,2802.32,C175921388,4329.75,1527.43,C964050086,119.09,2806.86,0,0
31,CASH_OUT,396922.06,C174209965,20032.19,0.0,C437179985,7139.7,358626.2,0,0
176,CASH_OUT,5136.51,C243916479,24024.66,18888.15,C138774364,9573.27,14380.95,0,0
419,CASH_OUT,2138.13,C578667222,2997.52,859.39,C931582130,4031.56,6149.68,0,0
37,CASH_OUT,64514.72,C453077641,1110.53,0.0,C834455616,332.7,56510.68,0,0
265,PAYMENT,1471.71,C788784990,21299.41,19827.7,C366674136,8499.32,9637.33,0,0
115,PAYMENT,3621.51,C191237574,29669.68,26048.17,C146685849,7937.59,11166.69,0,0
694,CASH_OUT,76748.87,C755160296,39947.65,0.0,C727157420,992.47,75774.89,0,0
48,CASH_IN,8751.51,C940637072,30539.05,21787.54,C705070110,429.97,8367.98,0,0
111,PAYMENT,487.42,C217526058,141361.42,140874.0,C574908154,3120.35,3465.38,0,0
145,DEBIT,21572.64,C882106058,59611.38,38038.74,C241048802,15919.06,36955.4,0,0
111,CASH_IN,3969.37,C431565335,743959.81,739990.44,C926551302,10404.34,14080.38,0,0
423,PAYMENT,129538.4,C195871782,1398583.92,1269045.52,C489312564,1006.76,107299.4,0,0
271,CASH_OUT,2721.3,C612986447,956.08,0.0,C752107914,6288.42,8999.51,0,0
678,PAYMENT,53755.79,C487435039,494.87,0.0,C873182492,24265.9,73533.29,0,0
194,CASH_OUT,198046.37,C112034919,13212.43,0.0,C593493373,595.38,188270.52,0,0
400,CASH_OUT,1751.63,C804429544,28462.67,26711.04,C898943901,5506.47,7228.23,0,0
491,CASH_IN,5722.82,C518857893,11922.38,6199.56,C700435610,54794.97,58868.89,0,0
466,PAYMENT,16309.87,C590733199,38383.03,22073.16,C904943978,495.28,15701.4,0,0
592,CASH_IN,1731.56,C859424493,8907.39,7175.83,C916707728,39338.04,40750.83,0,0
150,PAYMENT,13180.99,C606157375,4717.69,0.0,C880776771,90629.71,103292.98,0,0
378,PAYMENT,5405.34,C935251836,5917.47,512.13,C244207145,3294.57,8503.53,0,0
595,PAYMENT,5212.83,C603600066,9894.63,4681.8,C316347879,2650.71,7595.53,0,0
642,CASH_IN,8849.26,C408299233,47347.46,38498.2,C809177827,31557.61,39820.7,0,0
460,CASH_OUT,9212.13,C304141094,6437.46,0.0,C155667903,3515.6,12159.2,0,0
485,CASH_OUT,10883.31,C703946843,8660.67,0.0,C425605915,71.12,8657.68,0,0
643,DEBIT,2757.59,C604191763,31423.94,28666.35,C185131229,4114.08,6380.7,0,0
465,PAYMENT,2983.02,C194671864,9915.01,6931.99,C447016731,11461.25,13652.33,0,0
705,CASH_OUT,6545.56,C328624953,71329.54,64783.98,C763047301,18622.97,24835.87,0,0
95,PAYMENT,7475.87,C920486928,3363.51,0.0,C567963663,1007.14,7689.09,0,0
259,CASH_IN,3677.8,C614220857,2429.53,0.0,C707389100,3024.07,6274.56,0,0
84,CASH_OUT,14517.23,C796872680,21098.21,6580.98,C196119840,28522.06,39755.83,0,0
68,CASH_IN,309.03,C254549905,24500.11,24191.08,C775131353,4411.64,4684.98,0,0
351,PAYMENT,2175.82,C296071165,3650.29,1474.47,C482559282,313.65,2133.43,0,0
168,CASH_IN,4895.79,C478152448,100247.07,95351.28,C686783093,45603.9,50492.74,0,0
303,CASH_OUT,1735.4,C898225728,239762.76,238027.36,C221351186,3342.92,5007.03,0,0
326,PAYMENT,152140.0,C827503774,5209.39,0.0,C479962914,35038.19,165543.1,0,0
462,CASH_OUT,8382.92,C403226424,124361.88,115978.96,C249246521,398.69,8299.9,0,0
703,CASH_IN,11138.75,C954558375,374.95,0.0,C956983983,3952.98,12299.82,0,0
632,CASH_IN,3395.43,C798996599,67115.37,63719.94,C426746531,12302.09,14782.18,0,0
282,CASH_OUT,7876.18,C214915815,3689.9,0.0,C136691335,4201.26,11204.72,0,0
242,CASH_OUT,909.18,C185953717,57763.31,56854.13,C498665506,584.4,1419.06,0,0
573,CASH_IN,5968.97,C213974113,3159.24,0.0,C969994774,66.94,4340.23,0,0
92,PAYMENT,1500.25,C766324817,12055.41,10555.16,C701987332,76257.97,77398.59,0,0
402,CASH_OUT,4918.08,C228870705,3963.28,0.0,C673066834,7680.72,11916.07,0,0
315,DEBIT,80.81,C354213216,9693.19,9612.38,C175525404,40144.55,40202.64,0,0
136,CASH_OUT,1063.79,C490983430,207915.3,206851.51,C595337961,26150.0,27029.98,0,0
459,CASH_IN,112991.46,C222077591,11362.72,0.0,C388735560,14390.51,109825.8,0,0
239,CASH_IN,36124.12,C397387475,316618.37,280494.25,C708731315,2756.16,38032.91,0,0
138,CASH_OUT,87052.86,C974896360,7489.68,0.0,C867458801,11867.76,81048.92,0,0
486,CASH_IN,98508.52,C522826135,125197.41,26688.89,C169470662,64767.97,138708.52,0,0
130,CASH_OUT,27211.02,C772049716,1166.15,0.0,C242366376,5706.83,24815.84,0,0
500,PAYMENT,3586.16,C577125641,8692.68,5106.52,C959020326,150702.34,153343.48,0,0
121,PAYMENT,1252.56,C568476805,5977.96,4725.4,C383687821,330.64,1489.58,0,0
324,CASH_OUT,63840.32,C153503183,134129.15,70288.83,C237017106,272.48,53481.89,0,0
601,DEBIT,9101.75,C887524759,17639.1,8537.35,C418862574,29101.22,36015.07,0,0
170,CASH_OUT,721610.7,C641050753,582.82,0.0,C104499144,1125.82,708238.14,0,0
571,PAYMENT,4199.93,C142525993,1872.08,0.0,C300558502,194464.8,198397.03,0,0
537,CASH_OUT,282437.49,C492149163,2924.87,0.0,C264706298,54568.63,261965.14,0,0
671,CASH_OUT,6110.57,C142457100,54234.66,48124.09,C176203064,85616.11,90386.55,0,0
126,CASH_OUT,89759.35,C980440790,44690.28,0.0,C972123563,24148.69,109853.83,0,0
532,CASH_IN,171792.93,C440595398,8513.44,0.0,C811042110,935.56,156877.07,0,0
696,CASH_OUT,1285.23,C121410312,5867.8,4582.57,C946342485,247.94,1512.17,0,0
567,PAYMENT,3384.64,C651566151,39127.56,35742.92,C316441073,72513.67,74960.34,0,0
140,PAYMENT,1262.23,C437767712,2454.59,1192.36,C354418961,330.56,1507.75,0,0
611,CASH_IN,885.45,C845448183,26542.53,25657.08,C602660059,85203.2,85843.31,0,0
80,CASH_OUT,26922.57,C478000692,23359.92,0.0,C263616648,16404.43,37969.37,0,0
438,CASH_OUT,5687.74,C823380737,8849.49,3161.75,C311935059,4284.44,9546.74,0,0
370,CASH_OUT,8904.03,C593432002,24258.37,15354.34,C977396752,10890.93,19023.01,0,0
395,CASH_OUT,22053.58,C101211798,15570.63,0.0,C802931317,11356.25,26807.77,0,0
387,CASH_IN,286.2,C380840754,28173.28,27887.08,C306060240,3414.07,3631.75,0,0
24,PAYMENT,82139.87,C861610738,1805.96,0.0,C936909684,63974.32,140657.81,0,0
378,TRANSFER,4322.68,C103803333,33582.25,29259.57,C724448225,60145.48,63334.94,0,0
697,PAYMENT,21127.32,C625110335,62311.54,41184.22,C875551030,6504.09,23361.87,0,0
325,PAYMENT,24767.39,C852512874,21621.15,0.0,C564729973,1669.05,20372.56,0,0
206,CASH_OUT,95552.76,C280208640,32919.61,0.0,C915667119,51571.13,121653.0,0,0
740,CASH_OUT,6709.35,C743455549,11329.0,4619.65,C426387362,128.95,6509.46,0,0
74,CASH_IN,177.23,C667229197,50868.48,50691.25,C531130646,10927.16,11054.48,0,0
362,DEBIT,8980.67,C619342730,14733.38,5752.71,C155421484,18605.92,26336.62,0,0
381,CASH_IN,11629.18,C100348679,2387.71,0.0,C253487293,1106.51,11663.49,0,0
356,PAYMENT,1259.32,C373648843,45721.51,44462.19,C794078708,28362.24,29265.52,0,0
685,CASH_OUT,10566.92,C850143977,1151.45,0.0,C394192300,4686.8,14091.66,0,0
314,CASH_OUT,4230.89,C728561435,20417.95,16187.06,C191805082,1840.4,5226.04,0,0
724,CASH_OUT,722.74,C760985092,7507.56,6784.82,C363206365,27828.11,28514.76,0,0
50,TRANSFER,27137.53,C120467316,6821.34,0.0,C417520832,696.29,26186.51,0,0
546,CASH_IN,2937.44,C157587652,17291.72,14354.28,C745420453,23495.12,26250.94,0,0
441,CASH_IN,3899.16,C713665166,4610.39,711.23,C181452752,138.63,3334.38,0,0
179,CASH_IN,3524.02,C754196190,28805.14,25281.12,C123105417,8219.53,11555.95,0,0
170,PAYMENT,74896.43,C316337657,14547.8,0.0,C751703813,5318.35,71900.87,0,0
535,TRANSFER,7527.75,C717459066,5292.57,0.0,C227837993,1860.4,7985.02,0,0
474,CASH_OUT,9342.97,C984734984,99435.99,90093.02,C477689430,9910.25,16676.44,0,0
455,PAYMENT,3665.99,C612781519,18163.58,14497.59,C562741973,4258.93,6898.61,0,0
38,CASH_OUT,18641.77,C808123684,34413.4,15771.63,C211098118,32808.8,47264.01,0,0
445,PAYMENT,91929.06,C162892326,111846.55,19917.49,C749963596,13470.69,86083.19,0,0
730,CASH_IN,26007.74,C765329543,109127.02,83119.28,C143462665,11101.66,36543.95,0,0
13,CASH_OUT,27899.4,C238864910,31878.22,3978.82,C309089164,8311.12,36210.0,0,0
349,PAYMENT,24130.08,C124323915,8484.64,0.0,C561337970,2100.86,20031.97,0,0
368,CASH_OUT,675.57,C667563133,1564.69,889.12,C721606737,2854.79,3518.76,0,0
667,CASH_OUT,1674.02,C608674227,18215.64,16541.62,C684913029,7683.18,9209.82,0,0
211,PAYMENT,5602.81,C561487267,69001.01,63398.2,C225392733,3597.35,8357.4,0,0
354,TRANSFER,2193.92,C127512177,22730.71,20536.79,C409024924,36337.85,38501.95,0,0
533,CASH_OUT,1192.53,C131653265,76.18,0.0,C231673924,5815.08,6905.18,0,0
45,PAYMENT,278.69,C336310941,49271.11,48992.42,C408427264,9669.58,9914.3,0,0
596,PAYMENT,717.84,C731941295,54027.51,53309.67,C766355257,393.53,941.14,0,0
611,CASH_OUT,5106.42,C466949588,8502.94,3396.52,C775819633,26844.45,30793.41,0,0
535,PAYMENT,7151.18,C940944945,58837.96,51686.78,C836551474,1726.56,8687.88,0,0
482,CASH_OUT,1944.0,C788544977,34267.34,32323.34,C280317620,752.37,2238.58,0,0
556,PAYMENT,9340.04,C135011319,4777.82,0.0,C859135598,95142.86,101771.41,0,0
581,CASH_IN,3711.16,C285580014,89944.82,86233.66,C915277019,17252.61,20146.83,0,0
672,CASH_OUT,57701.15,C899656351,1995.77,0.0,C290589098,28531.74,77241.13,0,0
319,CASH_OUT,6057.63,C980784488,12260.44,6202.81,C888686581,11137.72,16072.2,0,0
339,CASH_OUT,28378.74,C188760156,10556.49,0.0,C266337100,4156.08,31988.27,0,0
474,PAYMENT,11681.77,C727472414,3873.22,0.0,C338808330,2971.18,12615.32,0,0
144,TRANSFER,649.55,C228979738,21071.8,20422.25,C787259337,19978.23,20606.16,0,0
637,CASH_IN,6883.04,C971810380,95373.24,88490.2,C371982878,37742.21,43788.26,0,0
573,CASH_OUT,876.45,C586259245,86821.78,85945.33,C325007995,4347.12,5098.45,0,0
469,CASH_OUT,6670.05,C616285584,39556.94,32886.89,C827021364,204961.44,209951.03,0,0
225,CASH_OUT,2119.14,C295584680,1049.55,0.0,C938304781,3445.51,5101.21,0,0
259,CASH_OUT,16115.45,C119861172,1800.95,0.0,C599830689,399.73,15872.98,0,0
324,PAYMENT,723.26,C257209563,17141.43,16418.17,C844876921,221.69,897.21,0,0
493,PAYMENT,8320.38,C231477319,12690.99,4370.61,C857143751,235.57,7176.66,0,0
